id,ticker,timestamp,open,high,low,close,volume,turnover
5121002,TSLA,2021-01-13 00:00:00,284.225,286.795,277.306,284.775,99937488,28199776643.118
5121003,TSLA,2021-01-14 00:00:00,281.102,287.638,279.555,281.639,93798981,26622013380.581
5121004,TSLA,2021-01-15 00:00:00,283.972,286.605,273.006,275.359,116332788,32507608915.318
5121005,TSLA,2021-01-19 00:00:00,279.239,283.305,277.639,281.489,76100940,21326451765.658
5121006,TSLA,2021-01-20 00:00:00,286.218,286.471,279.065,283.455,76997649,21805685895.253
5121007,TSLA,2021-01-21 00:00:00,284.972,285.211,280.445,281.635,61794399,17448563528.031
5121008,TSLA,2021-01-22 00:00:00,278.076,282.638,276.179,282.185,60199491,16827527441.259
5121009,TSLA,2021-01-25 00:00:00,284.972,300.103,279.579,293.571,123520191,35958536787.438
5121010,TSLA,2021-01-26 00:00:00,297.097,298.603,290.504,294.334,69394809,20491197145.062
5121011,TSLA,2021-01-27 00:00:00,290.088,297.137,286.191,288.025,82001865,23751999415.748
5121012,TSLA,2021-01-28 00:00:00,273.306,282.638,266.973,278.449,79134144,21928611339.695
5121013,TSLA,2021-01-29 00:00:00,276.639,280.775,260.007,264.484,104972262,28170102541.884
5121014,TSLA,2021-02-01 00:00:00,271.403,280.639,265.16,279.909,76174155,20907618432.146
5121015,TSLA,2021-02-02 00:00:00,281.532,293.471,280.706,290.901,73038639,21177941399.704
5121016,TSLA,2021-02-03 00:00:00,292.311,292.664,284.327,284.868,55030530,15795578724.532
5121017,TSLA,2021-02-04 00:00:00,284.972,285.471,277.779,283.302,47437983,13354346249.698
5121018,TSLA,2021-02-05 00:00:00,281.639,288.228,279.629,284.048,55699911,15828959977.317
5121019,TSLA,2021-02-08 00:00:00,289.861,292.561,284.888,287.778,60485157,17451891981.028
5121020,TSLA,2021-02-09 00:00:00,285.011,286.571,280.555,283.125,45472953,12871677222.716
5121021,TSLA,2021-02-10 00:00:00,281.184,281.579,266.647,268.247,108648270,29507070062.367
5121022,TSLA,2021-02-11 00:00:00,270.786,276.599,267.215,270.526,64868259,17594996448.576
5121023,TSLA,2021-02-12 00:00:00,267.06,272.416,261.751,272.013,71305089,19039111465.682
5121024,TSLA,2021-02-16 00:00:00,272.639,273.639,264.12,265.38,59406972,15913762014.152
5121025,TSLA,2021-02-17 00:00:00,259.671,266.587,253.978,266.023,78236694,20373646896.171
5121026,TSLA,2021-02-18 00:00:00,260.274,264.87,258.731,262.434,53871174,14122720444.374
5121027,TSLA,2021-02-19 00:00:00,264.974,265.57,259.097,260.407,56874765,14895633584.38
5121028,TSLA,2021-02-22 00:00:00,254.188,256.141,236.71,238.143,111809148,27536659105.673
5121029,TSLA,2021-02-23 00:00:00,220.688,237.846,206.313,232.923,199820646,44990555944.635
5121030,TSLA,2021-02-24 00:00:00,237.26,248.309,231.367,247.315,110300850,26547129753.029
5121031,TSLA,2021-02-25 00:00:00,242.026,245.711,223.504,227.384,117071565,27382735318.096
5121032,TSLA,2021-02-26 00:00:00,233.31,235.543,219.815,225.144,123268023,27962586350.7
5121033,TSLA,2021-03-01 00:00:00,230.014,290.638,228.327,239.453,81408717,19182114745.8
5121034,TSLA,2021-03-02 00:00:00,239.403,240.346,228.311,228.79,71196474,16665142736.709
5121035,TSLA,2021-03-03 00:00:00,229.307,233.543,217.213,217.712,90623880,20408934635.815
5121036,TSLA,2021-03-04 00:00:00,218.578,291.284,199.98,207.126,197758590,41260787587.112
5121037,TSLA,2021-03-05 00:00:00,208.666,209.26,179.812,199.297,268189377,52185493228.034
5121038,TSLA,2021-03-08 00:00:00,200.163,206.688,186.245,187.648,155360874,30388446345.883
5121039,TSLA,2021-03-09 00:00:00,202.706,226.007,198.383,224.504,202570194,43604268775.933
5121040,TSLA,2021-03-10 00:00:00,233.41,239.259,218.331,222.664,181817673,41440442316.631
5121041,TSLA,2021-03-11 00:00:00,233.11,234.143,225.704,233.177,108761691,25105439292.45
5121042,TSLA,2021-03-12 00:00:00,223.311,231.604,222.024,231.22,100751520,22946675496.33
5121043,TSLA,2021-03-15 00:00:00,231.34,237.703,227.991,235.956,88270437,20661977594.286
5121044,TSLA,2021-03-16 00:00:00,234.427,235.95,223.644,225.604,96587016,22261858573.623
5121045,TSLA,2021-03-17 00:00:00,218.935,234.553,216.982,233.913,121117359,27442242163.486
5121046,TSLA,2021-03-18 00:00:00,228.074,229.72,217.312,217.698,100107066,22413656814.159
5121047,TSLA,2021-03-19 00:00:00,215.512,219.055,208.186,218.268,128681934,27683931163.247
5121048,TSLA,2021-03-22 00:00:00,228.174,233.183,222.894,223.311,118536663,27111272339.943
5121049,TSLA,2021-03-23 00:00:00,225.234,225.911,219.148,220.698,91478697,20368570407.453
5121050,TSLA,2021-03-24 00:00:00,222.614,222.651,210.016,210.069,101385525,21973208786.721
5121051,TSLA,2021-03-25 00:00:00,204.313,215.145,203.146,213.442,117674550,24697804519.814
5121052,TSLA,2021-03-26 00:00:00,213.935,214.585,199.943,206.216,101558499,20954547675.663
5121053,TSLA,2021-03-29 00:00:00,205.193,205.473,198.653,203.743,85909071,17379605218.777
5121054,TSLA,2021-03-30 00:00:00,200.563,212.532,196.984,211.852,118297191,24364650961.718
5121055,TSLA,2021-03-31 00:00:00,215.518,223.978,213.682,222.621,100011864,21988707442.589
5121056,TSLA,2021-04-01 00:00:00,229.434,230.784,219.785,220.561,105895194,23860395195.603
5121057,TSLA,2021-04-05 00:00:00,235.88,236.03,228.211,230.327,125528523,29173466521.314
5121058,TSLA,2021-04-06 00:00:00,230.077,232.16,227.101,230.517,84815355,19516708104.378
5121059,TSLA,2021-04-07 00:00:00,228.977,230.437,222.591,223.634,78927765,17900364996.511
5121060,TSLA,2021-04-08 00:00:00,225.771,229.827,223.859,227.911,71771544,16331615101.325
5121061,TSLA,2021-04-09 00:00:00,225.901,226.967,223.121,225.651,64310631,14476141900.643
5121062,TSLA,2021-04-12 00:00:00,228.544,234.91,227.341,233.97,87407010,20339493135.712
5121063,TSLA,2021-04-13 00:00:00,237.543,254.308,236.863,254.081,133958448,33145000229.834
5121064,TSLA,2021-04-14 00:00:00,256.874,260.237,242.652,244.052,147050901,36995715159.786
5121065,TSLA,2021-04-15 00:00:00,247.675,247.872,240.413,246.259,83546385,20401824145.471
5121066,TSLA,2021-04-16 00:00:00,242.859,249.778,241.509,246.569,83938578,20605430489.135
5121067,TSLA,2021-04-19 00:00:00,239.843,241.776,230.577,238.186,119057760,28128604047.718
5121068,TSLA,2021-04-20 00:00:00,239.116,245.725,236.871,239.639,106827075,25716823815.433
5121069,TSLA,2021-04-21 00:00:00,234.9,248.255,232.643,248.015,93646152,22616079793.676
5121070,TSLA,2021-04-22 00:00:00,247.142,251.232,239.323,239.873,106768944,26153660601.523
5121071,TSLA,2021-04-23 00:00:00,239.909,245.762,238.463,243.109,85598259,20797083597.146
5121072,TSLA,2021-04-26 00:00:00,246.975,249.742,244.177,246.042,93115671,22867989002.958
5121073,TSLA,2021-04-27 00:00:00,239.296,241.309,234.427,234.89,88311939,20930352872.936
5121074,TSLA,2021-04-28 00:00:00,232.113,236.143,231.177,231.444,66814860,15568876205.996
5121075,TSLA,2021-04-29 00:00:00,233.147,234.06,222.811,225.644,86536416,19649864122.519
5121076,TSLA,2021-04-30 00:00:00,222.508,238.466,222.024,236.456,122276196,28480582455.341
5121077,TSLA,2021-05-03 00:00:00,234.577,235.31,226.811,228.277,81128676,18664759965.398
5121078,TSLA,2021-05-04 00:00:00,226.291,227.793,219.212,224.511,89217720,19848765887.04
5121079,TSLA,2021-05-05 00:00:00,226.997,228.409,222.424,223.624,65704284,14774333258.721
5121080,TSLA,2021-05-06 00:00:00,226.897,226.984,216.645,221.158,83353863,18424936941.007
5121081,TSLA,2021-05-07 00:00:00,221.911,229.977,220.051,224.101,70408128,15777985092.641
5121082,TSLA,2021-05-10 00:00:00,221.611,221.661,209.182,209.659,94177251,20159649293.982
5121083,TSLA,2021-05-11 00:00:00,199.727,209.012,198.513,205.713,139511592,28457833034.813
5121084,TSLA,2021-05-12 00:00:00,200.81,206.783,195.569,196.61,101470938,20343953371.396
5121085,TSLA,2021-05-13 00:00:00,200.495,202.133,186.531,190.544,132631332,25641055805.0
5121086,TSLA,2021-05-14 00:00:00,194.451,197.604,190.134,196.56,100114755,19470010731.946
5121087,TSLA,2021-05-17 00:00:00,191.832,196.557,187.048,192.257,97171050,18597279793.019
5121088,TSLA,2021-05-18 00:00:00,189.314,198.73,187.775,192.604,110491623,21437317220.236
5121089,TSLA,2021-05-19 00:00:00,184.165,188.718,182.308,187.801,118735185,22028341013.437
5121090,TSLA,2021-05-20 00:00:00,191.648,196.264,190.338,195.574,92463357,17884271535.223
5121091,TSLA,2021-05-21 00:00:00,198.683,198.873,193.314,193.607,78091755,15289452978.22
5121092,TSLA,2021-05-24 00:00:00,193.847,204.806,191.198,202.126,103674261,20718599998.481
5121093,TSLA,2021-05-25 00:00:00,202.416,204.643,198.55,201.543,84017799,16887175912.014
5121094,TSLA,2021-05-26 00:00:00,202.5,208.702,200.48,206.356,85917915,17668713041.185
5121095,TSLA,2021-05-27 00:00:00,206.726,210.356,205.383,210.262,79111779,16436947490.824
5121096,TSLA,2021-05-28 00:00:00,209.479,211.842,207.439,208.386,68211042,14297049056.25
5121097,TSLA,2021-06-01 00:00:00,209.246,211.246,206.829,207.946,54254670,11327304010.724
5121098,TSLA,2021-06-02 00:00:00,206.689,207.766,199.693,201.686,69908175,14157379524.322
5121099,TSLA,2021-06-03 00:00:00,200.58,201.497,190.388,190.928,90335673,17716027140.135
5121100,TSLA,2021-06-04 00:00:00,193.217,200.183,192.381,199.663,72109938,14270428176.016
5121101,TSLA,2021-06-07 00:00:00,197.255,203.313,194.274,201.69,67630968,13366267974.953
5121102,TSLA,2021-06-08 00:00:00,207.649,207.676,198.48,201.177,78156861,15802203221.423
5121103,TSLA,2021-06-09 00:00:00,200.703,203.91,199.19,199.573,49753698,10002382567.701
5121104,TSLA,2021-06-10 00:00:00,201.273,205.509,200.147,203.353,71758815,14605128766.83
5121105,TSLA,2021-06-11 00:00:00,203.39,204.166,200.487,203.276,48615624,9843978369.269
5121106,TSLA,2021-06-14 00:00:00,204.056,208.476,203.04,205.876,61271949,12621332581.48
5121107,TSLA,2021-06-15 00:00:00,205.543,205.576,199.39,199.767,53292135,10758482168.274
5121108,TSLA,2021-06-16 00:00:00,199.158,202.813,197.814,201.603,66431190,13311224181.275
5121109,TSLA,2021-06-17 00:00:00,200.609,207.136,200.427,205.513,68104050,13957602154.917
5121110,TSLA,2021-06-18 00:00:00,204.436,209.429,203.913,207.749,73682715,15238751199.529
5121111,TSLA,2021-06-21 00:00:00,208.139,210.442,202.94,206.923,74437923,15406158234.997
5121112,TSLA,2021-06-22 00:00:00,206.063,209.502,205.146,207.883,57476676,11936158897.098
5121113,TSLA,2021-06-23 00:00:00,210.646,219.046,209.992,218.835,93297648,20227482167.098
5121114,TSLA,2021-06-24 00:00:00,224.974,232.517,222.514,226.584,137947158,31474037963.605
5121115,TSLA,2021-06-25 00:00:00,229.837,231.247,222.878,223.934,97490052,22058176691.715
5121116,TSLA,2021-06-28 00:00:00,223.858,231.544,223.418,229.55,64884162,14848047103.653
5121117,TSLA,2021-06-29 00:00:00,228.194,229.147,225.274,226.897,52143714,11830732707.821
5121118,TSLA,2021-06-30 00:00:00,226.567,230.914,226.024,226.544,56773710,12963526894.91
5121119,TSLA,2021-07-01 00:00:00,227.951,229.307,224.244,225.951,55902066,12654874925.43
5121120,TSLA,2021-07-02 00:00:00,226.304,233.31,224.398,226.277,81292104,18527602075.606
5121121,TSLA,2021-07-06 00:00:00,227.215,227.977,217.112,219.838,69853062,15405548576.237
5121122,TSLA,2021-07-07 00:00:00,221.401,221.878,212.752,214.862,56375880,12172114833.205
5121123,TSLA,2021-07-08 00:00:00,209.436,218.122,206.799,217.582,68319870,14588449149.431
5121124,TSLA,2021-07-09 00:00:00,217.707,219.615,214.875,218.961,54421464,11857681428.203
5121125,TSLA,2021-07-12 00:00:00,220.711,229.057,220.698,228.544,77780826,17635380215.445
5121126,TSLA,2021-07-13 00:00:00,228.75,231.07,222.076,222.824,62897160,14203194994.224
5121127,TSLA,2021-07-14 00:00:00,223.561,226.181,217.592,217.772,64923570,14405743411.624
5121128,TSLA,2021-07-15 00:00:00,219.441,222.024,212.605,216.845,60628713,13178515410.331
5121129,TSLA,2021-07-16 00:00:00,218.205,218.878,214.045,214.719,49112874,10588953226.384
5121130,TSLA,2021-07-19 00:00:00,209.942,215.712,207.076,215.385,63891123,13549765765.783
5121131,TSLA,2021-07-20 00:00:00,217.308,220.775,213.479,220.145,46461381,10077570372.153
5121132,TSLA,2021-07-21 00:00:00,219.848,221.598,216.742,218.408,41859456,9171578017.795
5121133,TSLA,2021-07-22 00:00:00,218.792,220.701,214.845,216.398,45317181,9852783408.582
5121134,TSLA,2021-07-23 00:00:00,215.432,216.245,212.412,214.439,43814817,9386653893.007
5121135,TSLA,2021-07-26 00:00:00,216.968,222.711,215.682,219.185,76009197,16709176272.56
5121136,TSLA,2021-07-27 00:00:00,221.111,222.144,209.059,214.905,98439870,21080473358.733
5121137,TSLA,2021-07-28 00:00:00,215.643,218.302,213.112,215.638,48019788,10357480705.353
5121138,TSLA,2021-07-29 00:00:00,216.575,227.874,216.245,225.761,91178580,20458503070.936
5121139,TSLA,2021-07-30 00:00:00,223.897,232.487,222.978,229.044,88969233,20372782803.252
5121140,TSLA,2021-08-02 00:00:00,233.31,242.289,232.777,236.533,100847295,24069243953.018
5121141,TSLA,2021-08-03 00:00:00,239.643,240.859,233.647,236.556,64860744,15358824931.637
5121142,TSLA,2021-08-04 00:00:00,236.976,241.609,236.286,236.95,51007941,12145741053.567
5121143,TSLA,2021-08-05 00:00:00,238.643,240.293,237.113,238.186,38757114,9248748441.957
5121144,TSLA,2021-08-06 00:00:00,237.276,238.753,232.52,233.01,46869147,10994073368.643
5121145,TSLA,2021-08-09 00:00:00,236.7,239.653,235.02,237.896,44146047,10507092133.143
5121146,TSLA,2021-08-10 00:00:00,237.973,238.839,233.937,236.64,40296915,9524909366.04
5121147,TSLA,2021-08-11 00:00:00,237.546,238.369,234.713,235.916,29401674,6944008510.365
5121148,TSLA,2021-08-12 00:00:00,235.423,240.909,233.11,240.726,53044908,12630691653.444
5121149,TSLA,2021-08-13 00:00:00,241.213,243.276,238.09,239.033,50193543,12051331342.374
5121150,TSLA,2021-08-16 00:00:00,235.0,236.476,225.444,228.7,69308235,15881234945.704
5121151,TSLA,2021-08-17 00:00:00,224.198,224.838,216.258,221.881,71163837,15692411118.619
5121152,TSLA,2021-08-18 00:00:00,223.227,231.9,223.094,229.64,61048125,13984775170.059
5121153,TSLA,2021-08-19 00:00:00,226.047,228.827,222.508,224.468,42939411,9685502653.364
5121154,TSLA,2021-08-20 00:00:00,227.594,230.687,224.544,226.731,44524398,10093690783.129
5121155,TSLA,2021-08-23 00:00:00,228.458,237.353,226.894,235.41,60794577,14247841394.075
5121156,TSLA,2021-08-24 00:00:00,236.87,238.383,234.19,236.14,39248913,9265615382.571
5121157,TSLA,2021-08-25 00:00:00,235.653,238.966,234.643,237.043,37934817,9000007755.055
5121158,TSLA,2021-08-26 00:00:00,236.08,238.443,232.517,233.697,39642876,9323246375.045
5121159,TSLA,2021-08-27 00:00:00,234.977,238.31,234.01,237.283,41500542,9830008613.64
5121160,TSLA,2021-08-30 00:00:00,238.215,243.642,237.553,243.612,55812510,13490843585.283
5121161,TSLA,2021-08-31 00:00:00,244.309,246.772,242.122,245.215,62554824,15319228282.879
5121162,TSLA,2021-09-01 00:00:00,244.669,247.305,243.732,244.672,39612852,9725988748.302
5121163,TSLA,2021-09-02 00:00:00,244.809,246.965,243.489,244.106,38390013,9411061814.402
5121164,TSLA,2021-09-03 00:00:00,244.059,244.642,241.376,244.499,45813135,11138227048.203
5121165,TSLA,2021-09-07 00:00:00,246.642,253.375,246.395,250.948,60119475,15084359333.096
5121166,TSLA,2021-09-08 00:00:00,253.835,254.791,246.9,251.265,56377704,14142560753.731
5121167,TSLA,2021-09-09 00:00:00,251.112,254.008,250.518,251.595,42232530,10653819995.687
5121168,TSLA,2021-09-10 00:00:00,253.161,254.178,244.816,245.399,45552465,11383666452.552
5121169,TSLA,2021-09-13 00:00:00,246.713,248.235,236.26,247.642,68857416,16722254449.029
5121170,TSLA,2021-09-14 00:00:00,247.499,251.465,245.442,248.139,55573728,13813579573.378
5121171,TSLA,2021-09-15 00:00:00,248.309,252.261,246.095,251.918,46072671,11501030006.394
5121172,TSLA,2021-09-16 00:00:00,250.918,252.945,249.178,252.305,41767395,10487599165.324
5121173,TSLA,2021-09-17 00:00:00,252.358,253.655,249.975,253.138,84612528,21366534123.493
5121174,TSLA,2021-09-20 00:00:00,244.828,247.309,239.518,243.366,74272806,18067987481.494
5121175,TSLA,2021-09-21 00:00:00,244.906,248.222,243.456,246.435,48992169,12075481234.041
5121176,TSLA,2021-09-22 00:00:00,247.817,251.198,246.349,250.622,45377259,11312795595.458
5121177,TSLA,2021-09-23 00:00:00,251.642,252.708,249.282,251.188,35842539,9001124939.665
5121178,TSLA,2021-09-24 00:00:00,248.605,258.241,248.162,258.104,64119048,16313193265.672
5121179,TSLA,2021-09-27 00:00:00,257.681,266.307,256.411,263.76,84211725,22089832982.899
5121180,TSLA,2021-09-28 00:00:00,262.374,265.187,255.368,259.161,76139388,19814089811.85
5121181,TSLA,2021-09-29 00:00:00,259.907,264.474,256.868,260.411,62828346,16385280181.421
5121182,TSLA,2021-09-30 00:00:00,260.307,263.017,258.308,258.467,53867280,14043918685.118
5121183,TSLA,2021-10-01 00:00:00,259.441,260.234,254.505,258.381,51093135,13150477477.278
5121184,TSLA,2021-10-04 00:00:00,265.473,268.963,258.681,260.484,91450023,24098482801.244
5121185,TSLA,2021-10-05 00:00:00,261.573,265.743,258.041,260.171,55296384,14473776700.501
5121186,TSLA,2021-10-06 00:00:00,258.707,262.194,257.714,260.891,43898004,11425171892.393
5121187,TSLA,2021-10-07 00:00:00,261.794,268.307,261.101,264.51,57588549,15206061957.068
5121188,TSLA,2021-10-08 00:00:00,265.377,265.433,260.277,261.804,50215812,13174674367.301
5121189,TSLA,2021-10-11 00:00:00,262.524,267.053,261.807,263.954,42600783,11287535391.4
5121190,TSLA,2021-10-12 00:00:00,266.95,270.746,265.497,268.546,66060096,17764927979.536
5121191,TSLA,2021-10-13 00:00:00,270.13,271.776,268.566,270.333,42360510,11432949235.547
5121192,TSLA,2021-10-14 00:00:00,271.803,273.389,271.09,272.746,36741507,10010994031.004
5121193,TSLA,2021-10-15 00:00:00,274.552,281.042,274.089,280.982,56773401,15768919953.819
5121194,TSLA,2021-10-18 00:00:00,283.902,291.724,283.795,290.008,72621705,20940916830.951
5121195,TSLA,2021-10-19 00:00:00,292.481,292.621,287.475,288.061,52143381,15116277407.402
5121196,TSLA,2021-10-20 00:00:00,288.421,289.801,285.765,288.571,42098631,12128503719.849
5121197,TSLA,2021-10-21 00:00:00,285.305,299.97,285.14,297.97,94444362,27988259111.838
5121198,TSLA,2021-10-22 00:00:00,298.47,303.303,296.957,303.196,68642178,20691137500.702
5121199,TSLA,2021-10-25 00:00:00,316.812,348.305,314.702,341.586,188556039,62240386509.316
5121200,TSLA,2021-10-26 00:00:00,341.529,364.944,333.78,339.443,187242474,65149986544.268
5121201,TSLA,2021-10-27 00:00:00,346.519,356.924,343.559,345.919,115579401,40401526587.653
5121202,TSLA,2021-10-28 00:00:00,356.066,360.297,351.365,358.977,81640047,29123671303.941
5121203,TSLA,2021-10-29 00:00:00,360.584,371.699,357.699,371.296,89756601,32785608922.649
5121204,TSLA,2021-11-01 00:00:00,381.629,403.21,372.849,402.823,168146250,65333656484.496
5121205,TSLA,2021-11-02 00:00:00,386.413,402.823,381.962,390.628,128213316,50294920982.275
5121206,TSLA,2021-11-03 00:00:00,392.404,405.089,384.168,404.58,103885419,41038957059.737
5121207,TSLA,2021-11-04 00:00:00,411.429,414.455,405.626,409.929,76192110,31326413912.894
5121208,TSLA,2021-11-05 00:00:00,409.292,413.249,402.626,407.323,64886466,26543849140.39
5121209,TSLA,2021-11-08 00:00:00,383.223,398.96,377.629,387.608,100337154,39279987840.289
5121210,TSLA,2021-11-09 00:00:00,391.161,391.461,337.14,341.133,177317508,63109879854.706
5121211,TSLA,2021-11-10 00:00:00,336.77,359.331,329.07,355.948,128408007,44907448745.379
5121212,TSLA,2021-11-11 00:00:00,367.553,368.287,351.525,354.468,67188840,24028056369.898
5121213,TSLA,2021-11-12 00:00:00,349.132,351.465,339.699,344.439,76719492,26418045565.256
5121214,TSLA,2021-11-15 00:00:00,339.176,343.959,326.167,337.763,104327169,34785058344.234
5121215,TSLA,2021-11-16 00:00:00,334.403,352.365,334.027,351.542,79627077,27656275232.322
5121216,TSLA,2021-11-17 00:00:00,354.468,373.176,351.798,362.967,94334637,34257296986.32
5121217,TSLA,2021-11-18 00:00:00,368.813,370.63,358.304,365.423,62696790,22889780247.504
5121218,TSLA,2021-11-19 00:00:00,366.253,379.535,364.197,378.982,64926792,24186642540.352
5121219,TSLA,2021-11-22 00:00:00,387.405,400.61,377.439,385.585,99217467,38858092409.835
5121220,TSLA,2021-11-23 00:00:00,389.131,393.461,354.198,369.64,108514272,40302579100.269
5121221,TSLA,2021-11-24 00:00:00,360.094,377.552,353.965,371.963,67679301,25024033361.873
5121222,TSLA,2021-11-26 00:00:00,366.453,369.557,360.297,360.604,35042670,12757235517.347
5121223,TSLA,2021-11-29 00:00:00,366.96,380.852,366.693,378.959,58393191,21987796512.815
5121224,TSLA,2021-11-30 00:00:00,381.419,389.294,372.629,381.549,81276126,30961265322.587
5121225,TSLA,2021-12-01 00:00:00,386.86,390.908,363.55,364.964,68802906,26055631147.65
5121226,TSLA,2021-12-02 00:00:00,366.317,370.963,352.181,361.497,73114707,26431652712.646
5121227,TSLA,2021-12-03 00:00:00,361.561,363.489,333.37,338.29,92321985,31659429788.271
5121228,TSLA,2021-12-06 00:00:00,333.803,340.513,316.802,336.303,81663138,26964719212.416
5121229,TSLA,2021-12-07 00:00:00,348.032,352.523,342.236,350.548,56084688,19530407844.93
5121230,TSLA,2021-12-08 00:00:00,350.868,357.424,344.299,356.284,41905239,14722784641.794
5121231,TSLA,2021-12-09 00:00:00,353.511,354.128,334.087,334.567,59436144,20342397099.92
5121232,TSLA,2021-12-10 00:00:00,336.216,340.293,327.477,338.976,59664390,19981604457.779
5121233,TSLA,2021-12-13 00:00:00,333.663,334.967,317.108,322.104,78595980,25423096760.916
5121234,TSLA,2021-12-14 00:00:00,314.969,322.104,309.969,319.471,70806837,22332349341.145
5121235,TSLA,2021-12-15 00:00:00,317.705,326.217,309.386,325.297,75172119,23885438462.923
5121236,TSLA,2021-12-16 00:00:00,331.467,331.627,307.253,308.942,82771437,26065943078.974
5121237,TSLA,2021-12-17 00:00:00,304.893,320.188,302.983,310.826,100880310,31494881857.22
5121238,TSLA,2021-12-20 00:00:00,303.536,307.199,297.767,299.95,56479671,17012693320.735
5121239,TSLA,2021-12-21 00:00:00,305.593,313.135,295.344,312.812,71517303,21839136204.899
5121240,TSLA,2021-12-22 00:00:00,321.854,338.519,318.985,336.256,93629451,31018111524.407
5121241,TSLA,2021-12-23 00:00:00,335.566,357.623,332.487,355.631,92713038,32322374950.367
5121242,TSLA,2021-12-27 00:00:00,357.854,372.296,356.869,364.61,71144244,26078309449.778
5121243,TSLA,2021-12-28 00:00:00,369.793,372.963,359.437,362.787,60322665,21984817450.325
5121244,TSLA,2021-12-29 00:00:00,366.177,367.963,354.678,362.027,56153079,20303803121.721
5121245,TSLA,2021-12-30 00:00:00,353.741,365.147,351.015,356.744,47039574,16895065188.851
5121246,TSLA,2021-12-31 00:00:00,357.779,360.631,351.495,352.225,40733607,14489854135.443
5121247,TSLA,2022-01-03 00:00:00,382.545,400.317,378.642,399.887,104685351,40853802403.578
5121248,TSLA,2022-01-04 00:00:00,396.477,402.626,374.313,383.158,100246479,38833566769.755
5121249,TSLA,2022-01-05 00:00:00,382.178,390.074,360.301,362.67,80118480,30086286149.972
5121250,TSLA,2022-01-06 00:00:00,358.964,362.63,340.133,354.865,90335232,31927853798.926
5121251,TSLA,2022-01-07 00:00:00,360.087,360.274,336.633,342.286,84164658,29155772281.076
5121252,TSLA,2022-01-10 00:00:00,333.3,352.998,326.634,352.671,91814970,31135944812.127
5121253,TSLA,2022-01-11 00:00:00,351.188,358.581,346.239,354.765,66063210,23353151724.397
5121254,TSLA,2022-01-12 00:00:00,359.581,371.576,357.494,368.703,83739075,30590631700.611
5121255,TSLA,2022-01-13 00:00:00,369.651,371.829,342.145,343.819,97210176,34624881631.827
5121256,TSLA,2022-01-14 00:00:00,339.926,350.632,337.759,349.835,72932013,25165143594.422
5121257,TSLA,2022-01-18 00:00:00,342.167,356.894,338.653,343.469,66989346,23272143858.134
5121258,TSLA,2022-01-19 00:00:00,347.2,351.522,331.634,331.85,75442488,25533483436.23
5121259,TSLA,2022-01-20 00:00:00,336.543,347.185,331.3,332.057,70488552,23940818876.949
5121260,TSLA,2022-01-21 00:00:00,332.08,334.817,313.469,314.602,103416015,33224228022.439
5121261,TSLA,2022-01-24 00:00:00,301.557,311.14,283.795,309.969,152374812,45091710841.54
5121262,TSLA,2022-01-25 00:00:00,304.703,317.055,301.04,306.103,86594538,26608923530.569
5121263,TSLA,2022-01-26 00:00:00,317.445,329.197,301.97,312.439,104867082,33096748068.808
5121264,TSLA,2022-01-27 00:00:00,311.089,311.765,276.306,276.339,147108954,42523249952.843
5121265,TSLA,2022-01-28 00:00:00,277.159,285.805,263.977,282.088,134788950,37308026697.149
5121266,TSLA,2022-01-31 00:00:00,290.874,312.632,287.321,312.209,104436096,31795268066.592
5121267,TSLA,2022-02-01 00:00:00,311.705,314.535,301.637,310.386,73138311,22603352825.001
5121268,TSLA,2022-02-02 00:00:00,309.362,310.469,296.44,301.856,66793035,20242905277.975
5121269,TSLA,2022-02-03 00:00:00,293.971,312.302,293.477,297.017,78855558,23901215676.107
5121270,TSLA,2022-02-04 00:00:00,299.043,312.135,293.694,307.743,73625448,22444692689.389
5121271,TSLA,2022-02-07 00:00:00,307.899,315.892,300.873,302.416,60994464,18750536181.543
5121272,TSLA,2022-02-08 00:00:00,301.813,308.732,298.237,307.303,50729013,15469351862.532
5121273,TSLA,2022-02-09 00:00:00,311.636,315.392,306.636,310.636,52259229,16250120457.063
5121274,TSLA,2022-02-10 00:00:00,302.76,314.572,298.87,301.487,66126771,20302234890.478
5121275,TSLA,2022-02-11 00:00:00,303.18,305.289,283.538,286.638,79645869,23348730856.536
5121276,TSLA,2022-02-14 00:00:00,287.161,299.597,284.355,291.891,67756416,19772268360.736
5121277,TSLA,2022-02-15 00:00:00,299.97,307.636,297.763,307.446,57648336,17572278889.94
5121278,TSLA,2022-02-16 00:00:00,304.653,308.779,300.373,307.766,51293442,15629923821.147
5121279,TSLA,2022-02-17 00:00:00,304.39,306.136,291.338,292.087,55178415,16380236615.391
5121280,TSLA,2022-02-18 00:00:00,295.304,295.594,279.175,285.631,68501841,19547349251.943
5121281,TSLA,2022-02-22 00:00:00,278.016,285.549,267.007,273.816,83288202,22870500974.736
5121282,TSLA,2022-02-23 00:00:00,276.782,278.405,253.495,254.655,95257008,25072689646.54
5121283,TSLA,2022-02-24 00:00:00,233.44,267.467,233.31,266.897,135322275,34082314902.432
5121284,TSLA,2022-02-25 00:00:00,269.716,273.139,260.774,269.93,76067763,20339570068.998
5121285,TSLA,2022-02-28 00:00:00,271.643,292.257,271.542,290.114,99006804,28244381548.671
5121286,TSLA,2022-03-01 00:00:00,289.864,296.597,284.565,288.095,74766861,21622915652.392
5121287,TSLA,2022-03-02 00:00:00,290.681,295.464,281.396,293.267,74643012,21543453172.338
5121288,TSLA,2022-03-03 00:00:00,292.894,295.45,277.506,279.735,61623492,17564782717.4
5121289,TSLA,2022-03-04 00:00:00,283.005,285.188,275.026,279.402,67179861,18802975877.642
5121290,TSLA,2022-03-07 00:00:00,285.405,288.684,268.163,268.167,72494154,20084776778.135
5121291,TSLA,2022-03-08 00:00:00,265.15,283.302,260.697,274.773,80399085,22013903935.065
5121292,TSLA,2022-03-09 00:00:00,279.799,286.825,277.309,286.295,59183979,16783246437.915
5121293,TSLA,2022-03-10 00:00:00,283.788,284.788,270.093,279.405,58648311,16229258198.476
5121294,TSLA,2022-03-11 00:00:00,280.038,281.239,264.564,265.09,67037136,18075240002.513
5121295,TSLA,2022-03-14 00:00:00,260.177,266.873,251.988,255.431,71151948,18353031890.082
5121296,TSLA,2022-03-15 00:00:00,258.397,268.496,252.165,267.27,66841119,17560141255.864
5121297,TSLA,2022-03-16 00:00:00,269.64,280.639,267.393,280.049,84028821,23188719814.247
5121298,TSLA,2022-03-17 00:00:00,276.969,291.638,275.212,290.504,66582927,19010651624.116
5121299,TSLA,2022-03-18 00:00:00,291.468,302.586,289.101,301.766,100799832,30110940892.43
5121300,TSLA,2022-03-21 00:00:00,304.963,314.252,302.333,307.023,81981648,25207865412.781
5121301,TSLA,2022-03-22 00:00:00,309.969,332.587,307.219,331.294,105868518,33984354175.495
5121302,TSLA,2022-03-23 00:00:00,326.614,346.865,325.434,333.003,120676149,40612487286.307
5121303,TSLA,2022-03-24 00:00:00,336.543,341.463,329.567,337.94,68920878,23177177798.873
5121304,TSLA,2022-03-25 00:00:00,335.966,340.566,332.407,336.846,62031498,20833540345.9
5121305,TSLA,2022-03-28 00:00:00,354.998,365.923,351.165,363.91,102505161,36891202286.545
5121306,TSLA,2022-03-29 00:00:00,369.293,371.553,357.668,366.487,73614789,26908484234.631
5121307,TSLA,2022-03-30 00:00:00,363.687,371.28,361.297,364.627,59864607,21921675047.475
5121308,TSLA,2022-03-31 00:00:00,364.82,367.677,358.844,359.164,48992157,17790034539.162
5121309,TSLA,2022-04-01 00:00:00,360.347,364.88,355.511,361.494,54263223,19560374561.284
5121310,TSLA,2022-04-04 00:00:00,363.09,383.265,357.474,381.778,82177701,30743171204.48
5121311,TSLA,2022-04-05 00:00:00,378.729,384.252,362.397,363.717,80075019,29738194465.902
5121312,TSLA,2022-04-06 00:00:00,357.788,359.631,342.532,348.552,89348535,31190498025.165
5121313,TSLA,2022-04-07 00:00:00,350.762,358.827,340.479,352.385,79446906,27843350829.966
5121314,TSLA,2022-04-08 00:00:00,347.702,349.445,340.778,341.796,55013292,18969526550.491
5121315,TSLA,2022-04-11 00:00:00,326.767,336.122,324.848,325.277,59357205,19546048361.143
5121316,TSLA,2022-04-12 00:00:00,332.513,340.363,325.501,328.95,65976090,21932151731.114
5121317,TSLA,2022-04-13 00:00:00,326.992,342.046,324.333,340.756,55120743,18463946830.52
5121318,TSLA,2022-04-14 00:00:00,333.063,337.536,327.364,328.301,58422390,19312926699.116
5121319,TSLA,2022-04-18 00:00:00,329.644,338.273,324.438,334.73,51715221,17195156976.803
5121320,TSLA,2022-04-19 00:00:00,334.986,344.946,331.742,342.682,49847832,16972324945.942
5121321,TSLA,2022-04-20 00:00:00,343.299,344.632,325.051,325.701,70711326,23532684518.145
5121322,TSLA,2022-04-21 00:00:00,358.208,364.037,332.105,336.226,105416337,36764276822.667
5121323,TSLA,2022-04-22 00:00:00,338.27,344.916,331.3,334.983,69696558,23554750216.471
5121324,TSLA,2022-04-25 00:00:00,326.291,336.173,325.067,332.64,68341107,22613147314.056
5121325,TSLA,2022-04-26 00:00:00,331.777,333.3,291.638,292.111,136133655,41351337294.912
5121326,TSLA,2022-04-27 00:00:00,299.497,305.969,292.424,293.807,76955184,23009594677.093
5121327,TSLA,2022-04-28 00:00:00,299.963,299.97,273.873,292.474,124948164,35763270760.269
5121328,TSLA,2022-04-29 00:00:00,300.72,311.436,289.971,290.224,88132974,26473283957.563
5121329,TSLA,2022-05-02 00:00:00,286.895,302.09,282.648,300.95,75781371,22152981364.057
5121330,TSLA,2022-05-03 00:00:00,301.03,307.996,296.167,303.053,63709500,19297234405.038
5121331,TSLA,2022-05-04 00:00:00,301.283,318.468,295.064,317.508,81643680,24961568656.868
5121332,TSLA,2022-05-05 00:00:00,313.039,315.168,285.871,291.064,92519193,27456261412.236
5121333,TSLA,2022-05-06 00:00:00,295.637,295.97,281.007,288.521,72900075,21093883600.64
5121334,TSLA,2022-05-09 00:00:00,278.789,281.848,260.357,262.344,90810222,24524072091.444
5121335,TSLA,2022-05-10 00:00:00,273.076,275.092,258.058,266.653,84401631,22518227883.709
5121336,TSLA,2022-05-11 00:00:00,264.974,269.896,242.376,244.642,97224369,24821620242.403
5121337,TSLA,2022-05-12 00:00:00,233.643,253.195,226.644,242.642,140310231,33719804993.897
5121338,TSLA,2022-05-13 00:00:00,257.801,262.424,250.497,256.504,92150724,23643125339.74
5121339,TSLA,2022-05-16 00:00:00,255.694,256.561,239.672,241.433,86098410,21251865788.564
5121340,TSLA,2022-05-17 00:00:00,249.095,254.801,242.926,253.845,80236110,20065308777.211
5121341,TSLA,2022-05-18 00:00:00,248.149,253.475,233.58,236.58,87811812,21215411806.1
5121342,TSLA,2022-05-19 00:00:00,235.643,244.642,231.347,236.45,90295848,21440740755.298
5121343,TSLA,2022-05-20 00:00:00,237.973,240.503,210.979,221.278,144973305,32063817985.169
5121344,TSLA,2022-05-23 00:00:00,218.318,226.629,212.665,224.944,88903548,19645989398.402
5121345,TSLA,2022-05-24 00:00:00,217.822,217.952,206.836,209.366,89092515,18894194797.942
5121346,TSLA,2022-05-25 00:00:00,207.929,223.084,207.649,219.578,92137545,20030969507.994
5121347,TSLA,2022-05-26 00:00:00,220.451,239.533,217.865,235.886,106003284,24575941669.686
5121348,TSLA,2022-05-27 00:00:00,241.059,253.241,240.153,253.185,89294949,22253647908.109
5121349,TSLA,2022-05-31 00:00:00,257.921,259.574,244.719,252.728,101914296,25815141177.486
5121350,TSLA,2022-06-01 00:00:00,251.695,257.301,243.616,246.765,77247963,19236000620.528
5121351,TSLA,2022-06-02 00:00:00,244.132,264.184,242.042,258.308,93473058,24022028047.295
5121352,TSLA,2022-06-03 00:00:00,243.201,247.772,233.394,234.493,112393512,26796861827.599
5121353,TSLA,2022-06-06 00:00:00,244.329,244.842,234.327,238.256,84204396,20105877367.571
5121354,TSLA,2022-06-07 00:00:00,233.977,239.973,230.07,238.863,72809031,17234625607.098
5121355,TSLA,2022-06-08 00:00:00,240.063,249.938,239.153,241.842,76210575,18664461155.178
5121356,TSLA,2022-06-09 00:00:00,249.315,255.521,239.303,239.683,96491364,23893579410.32
5121357,TSLA,2022-06-10 00:00:00,235.133,239.476,227.891,232.207,98090823,22822499558.255
5121358,TSLA,2022-06-13 00:00:00,223.144,226.611,214.662,215.715,102767262,22517016397.042
5121359,TSLA,2022-06-14 00:00:00,218.265,226.307,211.715,220.868,97988796,21436545634.15
5121360,TSLA,2022-06-15 00:00:00,220.895,235.64,218.128,232.977,119131935,27151995877.484
5121361,TSLA,2022-06-16 00:00:00,222.714,225.144,208.672,213.079,107390697,23170251461.993
5121362,TSLA,2022-06-17 00:00:00,213.412,220.947,213.175,216.738,92641740,20087601527.241
5121363,TSLA,2022-06-21 00:00:00,224.581,243.553,224.311,237.013,122792955,29178379140.372
5121364,TSLA,2022-06-22 00:00:00,234.48,246.809,233.803,236.063,101527200,24322806263.596
5121365,TSLA,2022-06-23 00:00:00,237.881,239.293,228.614,235.046,104202678,24389848869.758
5121366,TSLA,2022-06-24 00:00:00,237.445,246.042,236.063,245.682,95770635,23317490593.175
5121367,TSLA,2022-06-27 00:00:00,249.342,252.045,242.541,244.896,89178309,21948747910.272
5121368,TSLA,2022-06-28 00:00:00,244.459,249.945,232.32,232.64,90666501,21718151128.261
5121369,TSLA,2022-06-29 00:00:00,230.477,231.15,222.251,228.467,82897134,18756864762.352
5121370,TSLA,2022-06-30 00:00:00,224.488,229.434,218.841,224.451,94600452,21272971512.562
5121371,TSLA,2022-07-01 00:00:00,226.977,230.207,222.098,227.241,74460411,16797652502.64
5121372,TSLA,2022-07-05 00:00:00,222.978,233.123,216.145,233.043,84779052,19064327576.089
5121373,TSLA,2022-07-06 00:00:00,230.757,234.54,227.164,231.71,71853630,16557096670.585
5121374,TSLA,2022-07-07 00:00:00,233.897,245.337,232.187,244.519,81930648,19769916065.751
5121375,TSLA,2022-07-08 00:00:00,242.309,254.955,241.137,250.738,101853876,25478355153.102
5121376,TSLA,2022-07-11 00:00:00,252.078,253.038,233.603,234.32,99509220,23814067798.988
5121377,TSLA,2022-07-12 00:00:00,236.823,239.749,228.345,233.047,87929283,20497147729.922
5121378,TSLA,2022-07-13 00:00:00,225.477,242.036,225.011,237.016,97954464,23149249921.139
5121379,TSLA,2022-07-14 00:00:00,234.873,238.629,229.31,238.29,78557499,18374179691.172
5121380,TSLA,2022-07-15 00:00:00,239.976,243.599,236.866,240.043,69682593,16698359718.719
5121381,TSLA,2022-07-18 00:00:00,244.912,250.492,239.579,240.523,82537428,20321936072.216
5121382,TSLA,2022-07-19 00:00:00,244.976,247.115,236.953,245.505,80890110,19669901568.197
5121383,TSLA,2022-07-20 00:00:00,246.759,250.638,243.459,247.475,88863789,22066662964.273
5121384,TSLA,2022-07-21 00:00:00,255.081,273.239,254.841,271.679,142032177,37733835157.49
5121385,TSLA,2022-07-22 00:00:00,276.192,280.759,270.686,272.216,103472847,28476334077.521
5121386,TSLA,2022-07-25 00:00:00,272.189,274.119,267.373,268.406,64073493,17319734594.599
5121387,TSLA,2022-07-26 00:00:00,266.487,267.283,256.238,258.834,66820758,17417841105.947
5121388,TSLA,2022-07-27 00:00:00,263.784,275.898,261.764,274.793,88109988,23820288687.358
5121389,TSLA,2022-07-28 00:00:00,280.039,283.272,272.773,280.872,84722988,23648613436.728
5121390,TSLA,2022-07-29 00:00:00,280.672,298.29,279.072,297.12,95312724,27618994304.196
5121391,TSLA,2022-08-01 00:00:00,301.245,311.847,294.971,297.247,117042870,35407039863.656
5121392,TSLA,2022-08-02 00:00:00,293.974,307.803,292.637,300.557,95577249,28844720309.622
5121393,TSLA,2022-08-03 00:00:00,304.97,309.519,301.12,307.366,80091105,24532837818.724
5121394,TSLA,2022-08-04 00:00:00,310.969,313.575,304.97,308.602,72256317,22331728094.669
5121395,TSLA,2022-08-05 00:00:00,302.64,304.576,285.516,288.141,113172885,33319836689.385
5121396,TSLA,2022-08-08 00:00:00,294.971,305.169,289.056,290.394,99362106,29564806033.648
5121397,TSLA,2022-08-09 00:00:00,290.264,292.367,279.325,283.305,86244609,24505174038.303
5121398,TSLA,2022-08-10 00:00:00,297.037,297.48,283.342,294.327,94918872,27625469497.453
5121399,TSLA,2022-08-11 00:00:00,296.484,298.207,285.805,286.601,70154976,20425697224.297
5121400,TSLA,2022-08-12 00:00:00,289.386,300.13,285.005,300.0,79657287,23406150240.969
5121401,TSLA,2022-08-15 00:00:00,301.756,313.102,301.2,309.289,89359131,27522647787.794
5121402,TSLA,2022-08-16 00:00:00,311.636,314.635,302.853,306.533,88136322,27181019724.268
5121403,TSLA,2022-08-17 00:00:00,303.366,309.626,300.003,303.966,68765376,20924435132.029
5121404,TSLA,2022-08-18 00:00:00,305.969,306.469,301.823,302.84,47499372,14450878680.626
5121405,TSLA,2022-08-19 00:00:00,298.97,300.33,292.471,296.637,61395387,18154597295.793
5121406,TSLA,2022-08-22 00:00:00,291.884,292.371,286.268,289.884,55843269,16144359159.837
5121407,TSLA,2022-08-23 00:00:00,291.424,298.797,287.895,296.424,63984969,18862098601.147
5121408,TSLA,2022-08-24 00:00:00,297.534,303.616,296.47,297.067,57259656,17184204370.919
5121409,TSLA,2022-08-25 00:00:00,302.36,302.96,291.6,296.07,53230013,15731355579.552
5121410,TSLA,2022-08-26 00:00:00,297.43,302.0,287.47,288.09,57163947,16727876267.706
5121411,TSLA,2022-08-29 00:00:00,282.83,287.74,280.7,284.82,41864739,11906777071.584
5121412,TSLA,2022-08-30 00:00:00,287.865,288.48,272.65,277.7,50541657,14123144332.793
5121413,TSLA,2022-08-31 00:00:00,280.62,281.25,271.81,275.61,52107337,14401027710.576
5121414,TSLA,2022-09-01 00:00:00,272.575,277.58,266.15,277.16,54287008,14732724748.236
5121415,TSLA,2022-09-02 00:00:00,281.065,282.35,269.08,270.21,50890090,13973499392.319
5121416,TSLA,2022-09-06 00:00:00,272.675,275.99,265.74,274.42,55859984,15200645107.337
5121417,TSLA,2022-09-07 00:00:00,273.1,283.84,272.27,283.7,50028415,14003561799.509
5121418,TSLA,2022-09-08 00:00:00,281.3,289.5,279.76,289.26,53713124,15368188575.955
5121419,TSLA,2022-09-09 00:00:00,291.67,299.85,291.245,299.68,54470854,16196243221.554
5121420,TSLA,2022-09-12 00:00:00,300.72,305.49,300.4,304.42,48672890,14778745453.137
5121421,TSLA,2022-09-13 00:00:00,292.9,297.4,290.4,292.13,68229534,20050662869.694
5121422,TSLA,2022-09-14 00:00:00,292.24,306.0,291.64,302.61,72628439,21827077653.695
5121423,TSLA,2022-09-15 00:00:00,301.825,309.12,300.725,303.75,64794600,19753848388.173
5121424,TSLA,2022-09-16 00:00:00,299.605,303.71,295.601,303.35,87087686,26180484431.01
5121425,TSLA,2022-09-19 00:00:00,300.09,309.84,297.8,309.07,60231156,18449388719.957
5121426,TSLA,2022-09-20 00:00:00,306.91,313.33,305.58,308.73,61642402,19066356936.449
5121427,TSLA,2022-09-21 00:00:00,308.29,313.8,300.63,300.8,62555656,19238581960.0
5121428,TSLA,2022-09-22 00:00:00,299.86,301.29,285.82,288.59,70545413,20570991831.38
5121429,TSLA,2022-09-23 00:00:00,283.09,284.5,272.82,275.33,63748362,17635908903.0
5121430,TSLA,2022-09-26 00:00:00,271.83,284.09,270.31,276.01,58076913,16159157386.781
5121431,TSLA,2022-09-27 00:00:00,283.84,288.67,277.51,282.94,61925185,17554648237.777
5121432,TSLA,2022-09-28 00:00:00,283.08,289.0,277.57,287.81,54664809,15493057344.0
5121433,TSLA,2022-09-29 00:00:00,282.76,283.65,265.78,268.21,77620642,21065831212.79
5121434,TSLA,2022-09-30 00:00:00,266.145,275.57,262.47,265.25,67726598,18219985298.143
5121435,TSLA,2022-10-03 00:00:00,254.5,255.16,241.01,242.4,98363541,24134504970.967
5121436,TSLA,2022-10-04 00:00:00,250.52,257.5,242.01,249.44,109578535,27364541296.806
5121437,TSLA,2022-10-05 00:00:00,245.01,246.67,233.27,240.81,86982673,20746552556.0
5121438,TSLA,2022-10-06 00:00:00,239.44,244.58,235.35,238.13,69298437,16587354678.334
5121439,TSLA,2022-10-07 00:00:00,233.935,234.572,222.02,223.07,83916800,19004233207.187
5121440,TSLA,2022-10-10 00:00:00,223.93,226.99,218.358,222.96,67925018,15177694538.0
5121441,TSLA,2022-10-11 00:00:00,220.945,225.75,215.0,216.5,77013202,16996664210.12
5121442,TSLA,2022-10-12 00:00:00,215.33,219.3,211.51,217.24,66860699,14416096869.0
5121443,TSLA,2022-10-13 00:00:00,208.3,222.99,206.22,221.72,91483045,19704015367.0
5121444,TSLA,2022-10-14 00:00:00,224.01,226.26,204.16,204.99,94124511,19919651009.0
5121445,TSLA,2022-10-17 00:00:00,210.04,221.86,209.45,219.35,79428810,17273846893.0
5121446,TSLA,2022-10-18 00:00:00,229.5,229.82,217.25,220.19,75891905,16818293470.0
5121447,TSLA,2022-10-19 00:00:00,219.8,222.93,217.78,222.04,66571479,14630554464.0
5121448,TSLA,2022-10-20 00:00:00,208.28,215.55,202.0,207.28,117798062,24570208347.102
5121449,TSLA,2022-10-21 00:00:00,206.415,214.66,203.8,214.44,75713754,15920505363.739
5121450,TSLA,2022-10-24 00:00:00,205.82,213.5,198.586,211.25,100446765,20657597756.0
5121451,TSLA,2022-10-25 00:00:00,210.1,224.35,210.0,222.415,96507870,21231106188.555
5121452,TSLA,2022-10-26 00:00:00,219.4,230.6,218.2,224.64,85327078,19334531071.278
5121453,TSLA,2022-10-27 00:00:00,229.77,233.81,222.85,225.09,61638824,13938928700.0
5121454,TSLA,2022-10-28 00:00:00,225.4,228.86,216.35,228.52,69152386,15502721516.0
5121455,TSLA,2022-10-31 00:00:00,226.19,229.85,221.94,227.54,61554341,13949540458.0
5121456,TSLA,2022-11-01 00:00:00,234.05,237.395,227.28,227.82,62688822,14467917384.055
5121457,TSLA,2022-11-02 00:00:00,226.04,227.87,214.82,214.98,63070293,14002361024.0
5121458,TSLA,2022-11-03 00:00:00,211.36,221.2,210.14,215.31,56538848,12231981795.607
5121459,TSLA,2022-11-04 00:00:00,222.6,223.8,203.08,207.47,98622212,20821681883.0
5121460,TSLA,2022-11-07 00:00:00,208.65,208.9,196.66,197.08,93916520,18788414196.587
5121461,TSLA,2022-11-08 00:00:00,194.02,195.2,186.75,191.3,128803404,24655435606.0
5121462,TSLA,2022-11-09 00:00:00,190.775,195.89,177.12,177.59,127062659,23446965176.0
5121463,TSLA,2022-11-10 00:00:00,189.9,191.0,180.03,190.72,132703015,24896083209.0
5121464,TSLA,2022-11-11 00:00:00,186.0,196.52,182.59,195.97,114403575,21908117421.361
5121465,TSLA,2022-11-14 00:00:00,192.77,195.73,186.34,190.95,92226649,17695691981.0
5121466,TSLA,2022-11-15 00:00:00,195.88,200.824,192.06,194.42,91293785,17953434839.0
5121467,TSLA,2022-11-16 00:00:00,191.51,192.57,185.66,186.92,66567599,12537958165.0
5121468,TSLA,2022-11-17 00:00:00,183.96,186.16,180.9,183.17,64335970,11809499131.0
5121469,TSLA,2022-11-18 00:00:00,185.05,185.19,176.55,180.19,76048866,13624884736.0
5121470,TSLA,2022-11-21 00:00:00,175.85,176.77,167.54,167.87,92882712,15871865776.0
5121471,TSLA,2022-11-22 00:00:00,168.63,170.92,166.185,169.91,78452327,13251680212.0
5121472,TSLA,2022-11-23 00:00:00,173.57,183.62,172.5,183.2,109536709,19661308803.0
5121473,TSLA,2022-11-25 00:00:00,185.06,185.2,180.63,182.86,50672739,9269650544.0
5121474,TSLA,2022-11-28 00:00:00,179.96,188.5,179.0,182.92,93038148,17193068427.0
5121475,TSLA,2022-11-29 00:00:00,184.99,186.38,178.75,180.83,83357111,15210781302.0
5121476,TSLA,2022-11-30 00:00:00,182.43,194.76,180.63,194.7,109186404,20472175768.0
5121477,TSLA,2022-12-01 00:00:00,197.08,198.92,191.8,194.7,80046213,15619233550.0
5121478,TSLA,2022-12-02 00:00:00,191.78,196.25,191.11,194.86,73645922,14246509430.0
5121479,TSLA,2022-12-05 00:00:00,189.44,191.27,180.55,182.45,93122667,17195841495.0
5121480,TSLA,2022-12-06 00:00:00,181.215,183.65,175.33,179.82,92150823,16452077800.0
5121481,TSLA,2022-12-07 00:00:00,175.03,179.38,172.218,174.04,84213284,14667866589.0
5121482,TSLA,2022-12-08 00:00:00,172.2,175.2,169.06,173.44,97624491,16819416100.0
5121483,TSLA,2022-12-09 00:00:00,173.84,182.5,173.36,179.05,104872336,18824167985.0
5121484,TSLA,2022-12-12 00:00:00,176.1,177.37,167.52,167.82,109794471,18711735474.0
5121485,TSLA,2022-12-13 00:00:00,174.87,175.05,156.91,160.95,175862722,28806678570.0
5121486,TSLA,2022-12-14 00:00:00,159.25,161.62,155.31,156.8,140682338,22246530988.0
5121487,TSLA,2022-12-15 00:00:00,153.44,160.93,153.28,157.67,122334459,19278304435.0
5121488,TSLA,2022-12-16 00:00:00,159.635,160.99,150.04,150.23,139032175,21146828199.0
5121489,TSLA,2022-12-19 00:00:00,154.0,155.25,145.82,149.87,139390634,20985235599.0
5121490,TSLA,2022-12-20 00:00:00,146.05,148.47,137.66,137.8,159563267,22768485299.0
5121491,TSLA,2022-12-21 00:00:00,139.335,141.26,135.89,137.57,145417412,20171632605.0
5121492,TSLA,2022-12-22 00:00:00,136.0,136.63,122.26,125.35,210090250,26839527131.0
5121493,TSLA,2022-12-23 00:00:00,126.37,128.617,121.02,123.15,166989688,20693114798.0
5121494,TSLA,2022-12-27 00:00:00,117.495,119.67,108.76,109.1,208643444,23669621208.0
5121495,TSLA,2022-12-28 00:00:00,110.35,116.27,108.24,112.71,221070537,24747797795.0
5121496,TSLA,2022-12-29 00:00:00,120.385,123.57,117.495,121.82,221923313,26753723152.0
5121497,TSLA,2022-12-30 00:00:00,119.95,124.48,119.75,123.18,157777339,19269987533.0
5121498,TSLA,2023-01-03 00:00:00,118.47,118.8,104.64,108.1,231402818,25340427977.0
5121499,TSLA,2023-01-04 00:00:00,109.11,114.59,107.52,113.64,180388976,20167093468.0
5121500,TSLA,2023-01-05 00:00:00,110.51,111.75,107.16,110.34,157986324,17323886538.0
5121501,TSLA,2023-01-06 00:00:00,103.0,114.39,101.81,113.06,220911051,24084947853.0
5121502,TSLA,2023-01-09 00:00:00,118.96,123.52,117.11,119.77,190283951,23031256567.0
5121503,TSLA,2023-01-10 00:00:00,121.07,122.76,114.92,118.85,167642485,19754952790.0
5121504,TSLA,2023-01-11 00:00:00,122.09,125.95,120.51,123.22,183810771,22549476038.0
5121505,TSLA,2023-01-12 00:00:00,122.56,124.131,117.0,123.56,169400913,20503820266.0
5121506,TSLA,2023-01-13 00:00:00,116.55,122.63,115.6,122.4,180714119,21590753213.0
5121507,TSLA,2023-01-17 00:00:00,125.695,131.7,125.02,131.49,186476985,24122393919.0
5121508,TSLA,2023-01-18 00:00:00,136.555,136.68,127.01,128.78,195680318,25588882214.0
5121509,TSLA,2023-01-19 00:00:00,127.26,129.99,124.308,127.17,170291880,21660862839.0
5121510,TSLA,2023-01-20 00:00:00,128.68,133.51,127.347,133.42,138858136,18195324508.0
5121511,TSLA,2023-01-23 00:00:00,135.87,145.379,134.27,143.75,203119211,28671997233.0
5121512,TSLA,2023-01-24 00:00:00,143.0,146.5,141.1,143.89,158699056,22773940796.0
5121513,TSLA,2023-01-25 00:00:00,141.905,146.41,138.07,144.43,192734347,27621973458.0
5121514,TSLA,2023-01-26 00:00:00,159.965,161.42,154.76,160.27,234815090,37055505995.0
5121515,TSLA,2023-01-27 00:00:00,162.43,180.68,161.17,177.9,306590613,53029610091.0
5121516,TSLA,2023-01-30 00:00:00,178.05,179.77,166.5,166.66,230878807,39775532971.0
5121517,TSLA,2023-01-31 00:00:00,164.57,174.3,162.78,173.22,196813541,33613615012.0
5121518,TSLA,2023-02-01 00:00:00,173.89,183.805,169.93,181.41,213806323,37595433044.0
5121519,TSLA,2023-02-02 00:00:00,187.325,196.75,182.61,188.27,217448287,41428485718.0
5121520,TSLA,2023-02-03 00:00:00,183.95,199.0,183.69,189.98,232662023,44993246264.0
5121521,TSLA,2023-02-06 00:00:00,193.01,198.17,189.92,194.76,186188131,36223600432.0
5121522,TSLA,2023-02-07 00:00:00,196.43,197.5,189.55,196.81,186010325,36108791089.0
5121523,TSLA,2023-02-08 00:00:00,196.1,203.0,194.31,201.29,180673644,36185158544.0
5121524,TSLA,2023-02-09 00:00:00,207.775,214.0,204.77,207.32,215431442,45224821034.0
5121525,TSLA,2023-02-10 00:00:00,202.225,206.2,192.89,196.89,204754129,40566044158.0
5121526,TSLA,2023-02-13 00:00:00,194.415,196.3,187.61,194.64,172475452,33339468928.0
5121527,TSLA,2023-02-14 00:00:00,191.94,209.82,189.44,209.25,216455708,43685511346.0
5121528,TSLA,2023-02-15 00:00:00,211.755,214.66,206.11,214.24,182108581,38535706293.0
5121529,TSLA,2023-02-16 00:00:00,210.78,217.65,201.84,202.04,229586538,48516650834.0
5121530,TSLA,2023-02-17 00:00:00,199.985,208.44,197.5,208.31,213738549,43381318069.0
5121531,TSLA,2023-02-21 00:00:00,204.99,209.71,197.22,197.37,180018588,36438032804.0
5121532,TSLA,2023-02-22 00:00:00,197.93,201.99,191.78,200.86,191828457,37878727797.0
5121533,TSLA,2023-02-23 00:00:00,203.91,205.14,196.33,202.07,146359950,29365557235.0
5121534,TSLA,2023-02-24 00:00:00,196.325,197.67,192.8,196.88,142228105,27816269104.0
5121535,TSLA,2023-02-27 00:00:00,202.03,209.42,201.26,207.63,161028315,33222954738.0
5121536,TSLA,2023-02-28 00:00:00,210.59,211.23,203.75,205.71,153144912,31713287504.0
5121537,TSLA,2023-03-01 00:00:00,206.21,207.2,198.52,202.77,156852790,31594953099.0
5121538,TSLA,2023-03-02 00:00:00,186.74,193.75,186.01,190.9,181979154,34580388815.0
5121539,TSLA,2023-03-03 00:00:00,194.795,200.48,192.88,197.79,154193277,30454280645.0
5121540,TSLA,2023-03-06 00:00:00,198.54,198.6,192.3,193.81,128100106,25006704251.0
5121541,TSLA,2023-03-07 00:00:00,191.38,194.2,186.1,187.71,148125790,28161599179.0
5121542,TSLA,2023-03-08 00:00:00,185.04,186.5,180.0,182.0,151897763,27618656609.0
5121543,TSLA,2023-03-09 00:00:00,180.25,185.18,172.512,172.92,170023794,30401869569.0
5121544,TSLA,2023-03-10 00:00:00,175.13,178.29,168.44,173.44,191488872,33371299401.0
5121545,TSLA,2023-03-13 00:00:00,167.455,177.35,163.91,174.48,167790256,28805318748.0
5121546,TSLA,2023-03-14 00:00:00,177.31,183.8,177.14,183.26,143717897,26040885813.0
5121547,TSLA,2023-03-15 00:00:00,180.8,182.34,176.03,180.45,145995583,26190132833.0
5121548,TSLA,2023-03-16 00:00:00,180.365,185.81,178.84,184.13,121374453,22201533806.0
5121549,TSLA,2023-03-17 00:00:00,184.515,186.22,177.33,180.13,133197140,24037277417.0
5121550,TSLA,2023-03-20 00:00:00,178.08,186.44,176.35,183.25,129684359,23716880117.0
5121551,TSLA,2023-03-21 00:00:00,188.28,198.0,188.04,197.58,153391444,29710541735.0
5121552,TSLA,2023-03-22 00:00:00,199.3,200.66,190.95,191.15,150376373,29578836587.0
5121553,TSLA,2023-03-23 00:00:00,195.26,199.31,188.65,192.22,144193876,28067319815.0
5121554,TSLA,2023-03-24 00:00:00,191.65,192.36,187.15,190.41,116531584,22088318561.0
5121555,TSLA,2023-03-27 00:00:00,194.415,197.39,189.94,191.81,120851587,23409514130.0
5121556,TSLA,2023-03-28 00:00:00,192.0,192.35,185.43,189.19,98654635,18572006101.0
5121557,TSLA,2023-03-29 00:00:00,193.13,195.29,189.44,193.88,123660026,23789303843.0
5121558,TSLA,2023-03-30 00:00:00,195.58,197.33,194.42,195.28,110252238,21595609541.0
5121559,TSLA,2023-03-31 00:00:00,197.53,207.79,197.2,207.46,170222118,34669368770.0
5121560,TSLA,2023-04-03 00:00:00,199.91,202.69,192.2,194.77,169545900,33234109250.0
5121561,TSLA,2023-04-04 00:00:00,197.32,198.745,190.32,192.58,126463845,24411398111.0
5121562,TSLA,2023-04-05 00:00:00,190.515,190.68,183.76,185.52,133882493,24944568048.0
5121563,TSLA,2023-04-06 00:00:00,183.08,186.39,179.74,185.06,123857932,22797737184.0
5121564,TSLA,2023-04-10 00:00:00,179.94,185.1,176.11,184.51,142154637,25739453527.0
5121565,TSLA,2023-04-11 00:00:00,186.69,189.19,185.648,186.79,115770892,21693882100.0
5121566,TSLA,2023-04-12 00:00:00,190.74,191.585,180.31,180.54,150256278,27720838178.0
5121567,TSLA,2023-04-13 00:00:00,182.955,186.5,180.94,185.9,112932985,20872825136.0
5121568,TSLA,2023-04-14 00:00:00,183.95,186.28,182.01,185.0,96438664,17745321326.0
5121569,TSLA,2023-04-17 00:00:00,186.32,189.69,182.69,187.04,116662189,21659221270.0
5121570,TSLA,2023-04-18 00:00:00,187.15,187.69,183.578,184.31,92067016,17043225256.0
5121571,TSLA,2023-04-19 00:00:00,179.1,183.5,177.65,180.59,125732687,22637943711.0
5121572,TSLA,2023-04-20 00:00:00,166.165,169.7,160.56,162.99,210970819,34796163660.0
5121573,TSLA,2023-04-21 00:00:00,164.8,166.0,161.321,165.08,123538954,20276425384.0
5121574,TSLA,2023-04-24 00:00:00,164.65,165.65,158.61,162.55,140006559,22606866888.0
5121575,TSLA,2023-04-25 00:00:00,159.82,163.47,158.75,160.67,121999312,19732763928.0
5121576,TSLA,2023-04-26 00:00:00,160.29,160.67,153.14,153.75,153364142,23898011665.0
5121577,TSLA,2023-04-27 00:00:00,152.64,160.48,152.37,160.19,127015177,19968746096.0
5121578,TSLA,2023-04-28 00:00:00,160.9,165.0,157.32,164.31,122515812,19902260513.0
5121579,TSLA,2023-05-01 00:00:00,163.17,163.28,158.83,161.83,109015048,17588332530.0
5121580,TSLA,2023-05-02 00:00:00,161.88,165.49,158.93,160.31,128259744,20754472230.0
5121581,TSLA,2023-05-03 00:00:00,160.01,165.0,159.91,160.61,119727972,19547859826.0
5121582,TSLA,2023-05-04 00:00:00,162.71,162.95,159.65,161.2,95108492,15348755495.0
5121583,TSLA,2023-05-05 00:00:00,163.97,170.79,163.51,170.06,107607259,18091628187.0
5121584,TSLA,2023-05-08 00:00:00,173.72,173.8,169.19,171.79,112249449,19236516393.0
5121585,TSLA,2023-05-09 00:00:00,168.95,169.82,166.56,169.15,88965043,14959548835.0
5121586,TSLA,2023-05-10 00:00:00,172.55,174.43,166.68,168.54,119840693,20404410279.0
5121587,TSLA,2023-05-11 00:00:00,168.7,173.57,166.79,172.08,103889930,17617727849.0
5121588,TSLA,2023-05-12 00:00:00,176.07,177.38,167.23,167.98,157849625,27036785225.0
5121589,TSLA,2023-05-15 00:00:00,167.655,169.76,164.55,166.35,105592510,17623494379.0
5121590,TSLA,2023-05-16 00:00:00,165.65,169.518,164.35,166.52,98288792,16451238666.0
5121591,TSLA,2023-05-17 00:00:00,168.41,174.5,167.185,173.86,125473558,21623078337.0
5121592,TSLA,2023-05-18 00:00:00,174.22,177.06,172.45,176.89,109520332,19145710808.0
5121593,TSLA,2023-05-19 00:00:00,177.17,181.95,176.31,180.14,136196668,24456742007.0
5121594,TSLA,2023-05-22 00:00:00,180.7,189.32,180.11,188.87,132001430,24508724013.0
5121595,TSLA,2023-05-23 00:00:00,186.2,192.96,185.26,185.77,156952130,29627294178.0
5121596,TSLA,2023-05-24 00:00:00,182.23,184.22,178.22,182.9,137605054,24974823252.0
5121597,TSLA,2023-05-25 00:00:00,186.54,186.78,180.58,184.47,96870719,17838916917.0
5121598,TSLA,2023-05-26 00:00:00,184.62,198.6,184.53,193.17,162061496,31297200531.0
5121599,TSLA,2023-05-30 00:00:00,200.1,204.48,197.53,201.16,128818746,25824601030.0
5121600,TSLA,2023-05-31 00:00:00,199.78,203.95,195.12,203.93,150711736,30064152483.0
5121601,TSLA,2023-06-01 00:00:00,202.59,209.8,199.37,207.52,148029931,30357283399.0
5121602,TSLA,2023-06-02 00:00:00,210.15,217.25,209.752,213.97,164398372,35258700635.0
5121603,TSLA,2023-06-05 00:00:00,217.8,221.29,214.52,217.61,151143052,32979201045.0
5121604,TSLA,2023-06-06 00:00:00,216.14,221.91,212.53,221.31,146911576,32036121541.0
5121605,TSLA,2023-06-07 00:00:00,228.0,230.83,223.2,224.57,185710777,42082935276.0
5121606,TSLA,2023-06-08 00:00:00,224.22,235.23,223.01,234.86,164489739,38152738582.0
5121607,TSLA,2023-06-09 00:00:00,249.07,252.42,242.02,244.4,200242371,49491858633.0
5121608,TSLA,2023-06-12 00:00:00,247.94,250.97,244.59,249.83,150740523,37380595718.0
5121609,TSLA,2023-06-13 00:00:00,253.51,259.68,251.34,258.71,162384343,41559181991.0
5121610,TSLA,2023-06-14 00:00:00,260.17,261.57,250.5,256.79,170575536,43871004199.0
5121611,TSLA,2023-06-15 00:00:00,248.4,258.95,247.29,255.9,160171238,40922091405.0
5121612,TSLA,2023-06-16 00:00:00,258.92,263.6,257.209,260.54,167915649,43753747631.0
5121613,TSLA,2023-06-20 00:00:00,261.5,274.75,261.12,274.45,165611217,44378204141.0
5121614,TSLA,2023-06-21 00:00:00,275.13,276.99,257.78,259.46,211797109,56218153331.0
5121615,TSLA,2023-06-22 00:00:00,250.77,265.0,248.25,264.61,166875944,43357473309.0
5121616,TSLA,2023-06-23 00:00:00,259.29,262.45,252.8,256.6,177460803,45735100822.0
5121617,TSLA,2023-06-26 00:00:00,250.065,258.37,240.7,241.05,179990552,44722917559.0
5121618,TSLA,2023-06-27 00:00:00,243.24,250.39,240.85,250.21,164968214,40595568975.0
5121619,TSLA,2023-06-28 00:00:00,249.7,259.88,248.89,256.24,159770797,40872865811.0
5121620,TSLA,2023-06-29 00:00:00,258.03,260.74,253.61,257.5,131283360,33724392613.0
5121621,TSLA,2023-06-30 00:00:00,260.6,264.45,259.89,261.77,112620784,29589516314.0
5121622,TSLA,2023-07-03 00:00:00,276.49,284.25,275.11,279.82,119685891,33444664513.0
5121623,TSLA,2023-07-05 00:00:00,278.82,283.85,277.6,282.48,131530862,36902860195.0
5121624,TSLA,2023-07-06 00:00:00,278.09,279.97,272.88,276.54,120707419,33379289100.0
5121625,TSLA,2023-07-07 00:00:00,278.43,280.78,273.77,274.43,113879174,31601047207.0
5121626,TSLA,2023-07-10 00:00:00,276.47,277.52,265.1,269.61,119425405,32242372337.0
5121627,TSLA,2023-07-11 00:00:00,268.65,270.9,266.37,269.79,91972358,24697288456.0
5121628,TSLA,2023-07-12 00:00:00,276.325,276.52,271.46,271.99,95672139,26165663971.0
5121629,TSLA,2023-07-13 00:00:00,274.59,279.45,270.6,277.9,112681458,30969747187.0
5121630,TSLA,2023-07-14 00:00:00,277.01,285.3,276.31,281.38,120062369,33701113308.0
5121631,TSLA,2023-07-17 00:00:00,286.625,292.23,283.57,290.38,131569593,37906704553.0
5121632,TSLA,2023-07-18 00:00:00,290.15,295.26,286.01,293.34,112434713,32618212469.0
5121633,TSLA,2023-07-19 00:00:00,296.04,299.29,289.52,291.26,142355353,41885160648.0
5121634,TSLA,2023-07-20 00:00:00,279.56,280.93,261.2,262.9,175158273,47251853547.0
5121635,TSLA,2023-07-21 00:00:00,268.0,268.0,255.8,260.02,161796073,42376071442.0
5121636,TSLA,2023-07-24 00:00:00,255.85,269.85,254.12,269.06,137005037,36183945451.0
5121637,TSLA,2023-07-25 00:00:00,272.38,272.9,265.0,265.28,112757327,30281512231.0
5121638,TSLA,2023-07-26 00:00:00,263.25,268.04,261.75,264.35,95856177,25385291212.0
5121639,TSLA,2023-07-27 00:00:00,268.31,269.13,255.3,255.71,103697263,27260238856.0
5121640,TSLA,2023-07-28 00:00:00,259.86,267.25,258.231,266.44,111446026,29454029289.0
5121641,TSLA,2023-07-31 00:00:00,267.48,269.08,263.78,267.43,84582172,22552800978.0
5121642,TSLA,2023-08-01 00:00:00,266.26,266.47,260.25,261.07,83645720,21945156021.0
5121643,TSLA,2023-08-02 00:00:00,255.57,259.52,250.49,254.11,101752865,25918168325.0
5121644,TSLA,2023-08-03 00:00:00,252.04,260.49,252.0,259.32,97829545,25123074632.0
5121645,TSLA,2023-08-04 00:00:00,260.97,264.77,253.11,253.86,99539907,25701973208.0
5121646,TSLA,2023-08-07 00:00:00,251.45,253.651,242.76,251.45,111097943,27540869301.0
5121647,TSLA,2023-08-08 00:00:00,247.45,250.92,245.01,249.7,96642183,24021635866.0
5121648,TSLA,2023-08-09 00:00:00,250.87,251.1,241.9,242.19,101596324,24911854069.0
5121649,TSLA,2023-08-10 00:00:00,245.4,251.8,243.0,245.34,109498608,27037191866.0
5121650,TSLA,2023-08-11 00:00:00,241.77,243.79,238.02,242.65,99048327,23917784478.0
5121651,TSLA,2023-08-14 00:00:00,235.7,240.66,233.75,239.76,98595331,23452566690.0
5121652,TSLA,2023-08-15 00:00:00,238.73,240.5,232.61,232.96,88197599,20740730166.0
5121653,TSLA,2023-08-16 00:00:00,228.02,233.97,225.38,225.6,112484520,25781054266.0
5121654,TSLA,2023-08-17 00:00:00,226.06,226.74,218.83,219.22,120718417,26902091045.0
5121655,TSLA,2023-08-18 00:00:00,214.12,217.58,212.36,215.49,136276584,29344272722.0
5121656,TSLA,2023-08-21 00:00:00,221.551,232.134,220.58,231.28,135702671,30880916175.0
5121657,TSLA,2023-08-22 00:00:00,240.25,240.82,229.55,233.19,130597886,30631698244.0
5121658,TSLA,2023-08-23 00:00:00,229.34,238.98,229.29,236.86,101077635,23760793411.0
5121659,TSLA,2023-08-24 00:00:00,238.66,238.92,228.18,230.04,99777432,23145916044.0
5121660,TSLA,2023-08-25 00:00:00,231.31,239.0,230.35,238.59,106612231,25060672325.0
5121661,TSLA,2023-08-28 00:00:00,242.58,244.38,235.35,238.82,107673727,25690833926.0
5121662,TSLA,2023-08-29 00:00:00,238.58,257.48,237.77,257.18,134047603,33596625657.0
5121663,TSLA,2023-08-30 00:00:00,254.2,260.51,250.59,256.9,121988437,31213724410.0
5121664,TSLA,2023-08-31 00:00:00,255.98,261.18,255.05,258.08,108861698,28090099892.0
5121665,TSLA,2023-09-01 00:00:00,257.26,259.079,242.01,245.01,132541640,32907076669.0
5121666,TSLA,2023-09-05 00:00:00,245.0,258.0,244.86,256.49,129469565,32847257497.0
5121667,TSLA,2023-09-06 00:00:00,255.135,255.39,245.06,251.92,116959759,29186959418.0
5121668,TSLA,2023-09-07 00:00:00,245.07,252.81,243.265,251.49,115312886,28625090212.0
5121669,TSLA,2023-09-08 00:00:00,251.22,256.52,246.67,248.5,118559635,29814428247.0
5121670,TSLA,2023-09-11 00:00:00,264.27,274.85,260.61,273.58,174667852,46939422723.0
5121671,TSLA,2023-09-12 00:00:00,270.76,278.39,266.6,267.48,135999866,36937428039.0
5121672,TSLA,2023-09-13 00:00:00,270.07,274.98,268.1,271.3,111673737,30328264313.0
5121673,TSLA,2023-09-14 00:00:00,271.32,276.709,270.42,276.04,107709842,29565908793.0
5121674,TSLA,2023-09-15 00:00:00,277.55,278.98,271.0,274.39,133692313,36675190771.0
5121675,TSLA,2023-09-18 00:00:00,271.16,271.44,263.76,265.28,101543305,27094850934.0
5121676,TSLA,2023-09-19 00:00:00,264.35,267.85,261.2,266.5,103704040,27476641687.0
5121677,TSLA,2023-09-20 00:00:00,267.04,273.93,262.461,262.59,122514643,32866240024.0
5121678,TSLA,2023-09-21 00:00:00,257.85,260.86,254.21,255.7,119951516,30886741889.0
5121679,TSLA,2023-09-22 00:00:00,257.4,257.789,244.48,244.88,127524083,32061808925.0
5121680,TSLA,2023-09-25 00:00:00,243.38,247.1,238.31,246.99,104636557,25551849319.0
5121681,TSLA,2023-09-26 00:00:00,242.98,249.55,241.66,244.12,101993631,25045570098.0
5121682,TSLA,2023-09-27 00:00:00,244.262,245.33,234.58,240.5,136597184,32848780837.0
5121683,TSLA,2023-09-28 00:00:00,240.02,247.55,238.65,246.38,117058870,28562220833.0
5121684,TSLA,2023-09-29 00:00:00,250.0,254.77,246.35,250.22,128522729,32263752886.0
5121685,TSLA,2023-10-02 00:00:00,244.81,254.28,242.62,251.6,123810402,30878519649.0
5121686,TSLA,2023-10-03 00:00:00,248.61,250.02,244.45,246.53,101985305,25227674130.0
5121687,TSLA,2023-10-04 00:00:00,248.14,261.86,247.6,261.16,129721567,33183078182.0
5121688,TSLA,2023-10-05 00:00:00,260.0,263.6,256.25,260.05,119159214,30941987622.0
5121689,TSLA,2023-10-06 00:00:00,253.98,261.65,250.65,260.53,118121812,30277384288.0
5121690,TSLA,2023-10-09 00:00:00,255.31,261.36,252.05,259.67,101377947,25984786475.0
5121691,TSLA,2023-10-10 00:00:00,257.75,268.94,257.65,263.62,122656030,32497165105.0
5121692,TSLA,2023-10-11 00:00:00,266.2,268.6,260.9,262.99,103706266,27385597522.0
5121693,TSLA,2023-10-12 00:00:00,262.92,265.41,256.631,258.87,111508114,29184054800.0
5121694,TSLA,2023-10-13 00:00:00,258.9,259.6,250.22,251.12,102296786,25988004585.0
5121695,TSLA,2023-10-16 00:00:00,250.05,255.4,248.48,253.92,88917176,22487829745.0
5121696,TSLA,2023-10-17 00:00:00,250.1,257.183,247.08,254.85,93562909,23692406284.0
5121697,TSLA,2023-10-18 00:00:00,252.7,254.63,242.08,242.68,125147846,30787376804.0
5121698,TSLA,2023-10-19 00:00:00,225.95,230.61,216.78,220.11,170772713,37908330757.0
5121699,TSLA,2023-10-20 00:00:00,217.01,218.861,210.42,211.99,138010095,29534745395.0
5121700,TSLA,2023-10-23 00:00:00,210.0,216.98,202.51,212.08,150683368,31880089454.0
5121701,TSLA,2023-10-24 00:00:00,216.5,222.05,214.11,216.52,118231113,25730677130.0
5121702,TSLA,2023-10-25 00:00:00,215.88,220.1,212.2,212.42,107065087,23120771296.0
5121703,TSLA,2023-10-26 00:00:00,211.32,214.8,204.88,205.76,115112635,23981051453.0
5121704,TSLA,2023-10-27 00:00:00,210.6,212.41,205.77,207.3,94881173,19797994236.0
5121705,TSLA,2023-10-30 00:00:00,209.28,210.88,194.67,197.36,136448167,27291198382.0
5121706,TSLA,2023-10-31 00:00:00,196.12,202.8,194.07,200.84,118068273,23500523934.0
5121707,TSLA,2023-11-01 00:00:00,204.04,205.99,197.85,205.66,121661656,24569456846.0
5121708,TSLA,2023-11-02 00:00:00,212.97,219.2,211.45,218.51,125987621,27259506318.0
5121709,TSLA,2023-11-03 00:00:00,221.15,226.37,218.4,219.96,119534790,26436107713.0
5121710,TSLA,2023-11-06 00:00:00,223.98,226.32,215.0,219.27,117335820,25764043630.0
5121711,TSLA,2023-11-07 00:00:00,219.98,223.12,215.72,222.18,116900130,25617500902.0
5121712,TSLA,2023-11-08 00:00:00,223.15,224.15,217.64,222.11,106584841,23481629881.0
5121713,TSLA,2023-11-09 00:00:00,219.75,220.8,206.68,209.98,142110454,30102478318.0
5121714,TSLA,2023-11-10 00:00:00,210.03,215.38,205.69,214.65,131310128,27808377948.0
5121715,TSLA,2023-11-13 00:00:00,215.6,225.4,211.61,223.71,140447569,31054525935.0
5121716,TSLA,2023-11-14 00:00:00,235.03,238.135,230.72,237.41,149771642,35144947963.0
5121717,TSLA,2023-11-15 00:00:00,239.29,246.7,236.45,242.84,150353975,36492709220.0
5121718,TSLA,2023-11-16 00:00:00,239.49,240.88,230.96,233.59,136816819,32223180166.0
5121719,TSLA,2023-11-17 00:00:00,232.0,237.39,226.54,234.3,142766234,33304410892.0
5121720,TSLA,2023-11-20 00:00:00,234.04,237.1,231.02,235.6,116562402,27302219296.0
5121721,TSLA,2023-11-21 00:00:00,235.04,243.62,233.34,241.2,122288000,29457892008.0
5121722,TSLA,2023-11-22 00:00:00,242.04,244.01,231.4,234.21,118117078,27725749186.0
5121723,TSLA,2023-11-24 00:00:00,233.75,238.75,232.33,235.45,65125203,15395585484.0
5121724,TSLA,2023-11-27 00:00:00,236.89,238.33,232.1,236.08,112031763,26397220995.0
5121725,TSLA,2023-11-28 00:00:00,236.68,247.0,234.01,246.72,148549913,35819373369.0
5121726,TSLA,2023-11-29 00:00:00,249.21,252.75,242.76,244.14,135401335,33586578525.0
5121727,TSLA,2023-11-30 00:00:00,245.14,245.22,236.91,240.08,132353196,31856253663.0
5121728,TSLA,2023-12-01 00:00:00,233.14,240.19,231.9,238.83,121331709,28692405521.0
5121729,TSLA,2023-12-04 00:00:00,235.75,239.373,233.29,235.58,104099817,24612266071.0
5121730,TSLA,2023-12-05 00:00:00,233.87,246.66,233.7,238.72,137971115,33256129579.0
5121731,TSLA,2023-12-06 00:00:00,242.92,246.57,239.171,239.37,126436179,30768589339.0
5121732,TSLA,2023-12-07 00:00:00,241.55,244.08,236.98,242.64,107142262,25810436588.0
5121733,TSLA,2023-12-08 00:00:00,240.27,245.27,239.27,243.84,103126829,25060599358.0
5121734,TSLA,2023-12-11 00:00:00,242.74,243.441,237.45,239.74,97913888,23517090624.0
5121735,TSLA,2023-12-12 00:00:00,238.55,238.99,233.87,237.01,95328313,22483156219.0
5121736,TSLA,2023-12-13 00:00:00,234.19,240.3,228.2,239.29,146286348,34209424355.0
5121737,TSLA,2023-12-14 00:00:00,241.22,253.88,240.79,251.05,160829239,40005991350.0
5121738,TSLA,2023-12-15 00:00:00,251.21,254.13,248.3,253.5,135932762,34260535762.0
5121739,TSLA,2023-12-18 00:00:00,253.78,258.74,251.36,252.08,116416490,29678898321.0
5121740,TSLA,2023-12-19 00:00:00,253.48,258.34,253.01,257.22,106737369,27345282686.0
5121741,TSLA,2023-12-20 00:00:00,256.41,259.84,247.0,247.14,125096987,31833009620.0
5121742,TSLA,2023-12-21 00:00:00,251.9,254.8,248.55,254.5,109594227,27622731982.0
5121743,TSLA,2023-12-22 00:00:00,256.76,258.22,251.37,252.54,93370094,23825911080.0
5121744,TSLA,2023-12-26 00:00:00,254.49,257.97,252.91,256.61,86892382,22276768435.0
5121745,TSLA,2023-12-27 00:00:00,258.35,263.34,257.52,261.44,106494359,27872405649.0
5121746,TSLA,2023-12-28 00:00:00,263.66,265.13,252.71,253.18,113619943,29369826682.0
5121747,TSLA,2023-12-29 00:00:00,255.1,255.19,247.43,248.48,100891578,25258762724.0
5121748,TSLA,2024-01-02 00:00:00,250.08,251.25,244.41,248.42,104654163,25990337053.0
5121749,TSLA,2024-01-03 00:00:00,244.98,245.68,236.32,238.45,121082599,29037628574.0
5121750,TSLA,2024-01-04 00:00:00,239.25,242.7,237.73,237.93,102629283,24661700651.0
5121751,TSLA,2024-01-05 00:00:00,236.86,240.12,234.9,237.49,92488939,22002295664.0
5121752,TSLA,2024-01-08 00:00:00,236.14,241.25,235.3,240.45,85166580,20320414599.0
5121753,TSLA,2024-01-09 00:00:00,238.11,238.965,232.04,234.96,96705664,22696907545.0
5121754,TSLA,2024-01-10 00:00:00,235.1,235.5,231.29,233.94,91628502,21395032038.0
5121755,TSLA,2024-01-11 00:00:00,230.57,230.93,225.37,227.22,105873612,24098375307.0
5121756,TSLA,2024-01-12 00:00:00,220.08,225.34,217.15,218.89,123043812,27116738123.0
5121757,TSLA,2024-01-16 00:00:00,215.1,223.49,212.18,219.91,115355046,25309243948.0
5121758,TSLA,2024-01-17 00:00:00,214.86,215.67,212.01,215.55,103164400,22067482052.0
5121759,TSLA,2024-01-18 00:00:00,216.88,217.45,208.74,211.88,108595431,23052224052.0
5121760,TSLA,2024-01-19 00:00:00,209.99,213.19,207.56,212.19,102260343,21515231378.0
5121761,TSLA,2024-01-22 00:00:00,212.26,217.8,206.27,208.8,117952527,24850183082.0
5121762,TSLA,2024-01-23 00:00:00,211.3,215.65,207.752,209.14,106605946,22443018724.0
5121763,TSLA,2024-01-24 00:00:00,211.88,212.73,206.77,207.83,123369932,25735330553.0
5121764,TSLA,2024-01-25 00:00:00,189.7,193.0,180.06,182.63,198076787,36682707311.0
5121765,TSLA,2024-01-26 00:00:00,185.5,186.78,182.1,183.25,107343231,19749074277.0
5121766,TSLA,2024-01-29 00:00:00,185.63,191.48,183.67,190.93,125013148,23511552275.0
5121767,TSLA,2024-01-30 00:00:00,195.33,196.359,190.61,191.59,109982327,21204313123.0
5121768,TSLA,2024-01-31 00:00:00,186.995,193.97,185.846,187.29,103221430,19585022766.0
5121769,TSLA,2024-02-01 00:00:00,188.5,189.88,184.28,188.86,91843275,17202206174.0
5121770,TSLA,2024-02-02 00:00:00,185.04,188.69,182.0,187.91,110612672,20471506810.0
5121771,TSLA,2024-02-05 00:00:00,184.26,184.68,175.01,181.06,134294447,24169992220.0
5121772,TSLA,2024-02-06 00:00:00,177.21,186.49,177.11,185.1,122675954,22497019272.0
5121773,TSLA,2024-02-07 00:00:00,188.18,189.79,182.68,187.58,111535217,20876384745.0
5121774,TSLA,2024-02-08 00:00:00,189.0,191.617,185.58,189.56,83034043,15715323521.0
5121775,TSLA,2024-02-09 00:00:00,190.18,194.12,189.48,193.57,84476347,16262303071.0
5121776,TSLA,2024-02-12 00:00:00,192.11,194.73,187.28,188.13,95498597,18197668823.0
5121777,TSLA,2024-02-13 00:00:00,183.99,187.26,182.109,184.02,86759478,15981261063.0
5121778,TSLA,2024-02-14 00:00:00,185.3,188.89,183.35,188.71,81202987,15136972416.0
5121779,TSLA,2024-02-15 00:00:00,189.16,200.88,188.86,200.45,120831762,23682094724.0
5121780,TSLA,2024-02-16 00:00:00,202.06,203.17,197.4,199.95,111346705,22306893576.0
5121781,TSLA,2024-02-20 00:00:00,196.13,198.6,189.13,193.76,104545762,20128360383.0
5121782,TSLA,2024-02-21 00:00:00,193.36,199.44,191.95,194.77,103844008,20233678821.0
5121783,TSLA,2024-02-22 00:00:00,194.0,198.32,191.36,197.41,92739461,18102716036.0
5121784,TSLA,2024-02-23 00:00:00,195.31,197.57,191.5,191.97,78841917,15293643018.0
5121785,TSLA,2024-02-26 00:00:00,192.29,201.78,192.0,199.4,111747116,22221473932.0
5121786,TSLA,2024-02-27 00:00:00,204.04,205.6,198.26,199.73,108645412,21889010730.0
5121787,TSLA,2024-02-28 00:00:00,200.42,205.3,198.44,202.04,99806173,20214232735.0
5121788,TSLA,2024-02-29 00:00:00,204.18,205.28,198.446,201.88,85906974,17306449299.0
5121789,TSLA,2024-03-01 00:00:00,200.52,204.52,198.5,202.64,82243119,16578898321.0
5121790,TSLA,2024-03-04 00:00:00,198.73,199.75,186.72,188.14,134334869,25591734336.0
5121791,TSLA,2024-03-05 00:00:00,183.05,184.59,177.57,180.74,119660758,21625360477.0
5121792,TSLA,2024-03-06 00:00:00,179.99,181.576,173.7,176.54,107920944,19139682286.0
5121793,TSLA,2024-03-07 00:00:00,174.35,180.04,173.7,178.65,102129004,18153786768.0
5121794,TSLA,2024-03-08 00:00:00,181.5,182.73,174.7,175.34,85544644,15155078221.0
5121795,TSLA,2024-03-11 00:00:00,175.445,182.87,174.8,177.77,85391528,15278654935.0
5121796,TSLA,2024-03-12 00:00:00,177.77,179.43,172.41,177.54,87391684,15425121005.0
5121797,TSLA,2024-03-13 00:00:00,173.05,176.05,169.15,169.48,106524518,18281265932.0
5121798,TSLA,2024-03-14 00:00:00,167.77,171.17,160.51,162.5,126325696,20738310182.0
5121799,TSLA,2024-03-15 00:00:00,163.16,165.185,160.76,163.57,97146832,15824677440.0
5121800,TSLA,2024-03-18 00:00:00,170.02,174.72,165.9,173.8,108214358,18581570385.0
5121801,TSLA,2024-03-19 00:00:00,172.36,172.82,167.42,171.32,77271428,13204542564.0
5121802,TSLA,2024-03-20 00:00:00,173.0,176.25,170.82,175.66,83846726,14543047506.0
5121803,TSLA,2024-03-21 00:00:00,176.39,178.18,171.8,172.82,73178014,12765233330.0
5121804,TSLA,2024-03-22 00:00:00,166.69,171.2,166.3,170.83,75580637,12793268082.0
5121805,TSLA,2024-03-25 00:00:00,168.76,175.24,168.73,172.63,74228615,12769804637.0
5121806,TSLA,2024-03-26 00:00:00,178.58,184.25,177.38,177.67,113186227,20452241562.0
5121807,TSLA,2024-03-27 00:00:00,181.41,181.91,176.0,179.83,81804043,14655944655.0
5121808,TSLA,2024-03-28 00:00:00,177.45,179.57,175.3,175.79,77654838,13728537742.0
5121809,TSLA,2024-04-01 00:00:00,176.17,176.75,170.21,175.22,81562127,14126804786.0
5121810,TSLA,2024-04-02 00:00:00,164.75,167.69,163.43,166.63,116650594,19340442542.0
5121811,TSLA,2024-04-03 00:00:00,164.02,168.82,163.28,168.38,82950141,13844302407.0
5121812,TSLA,2024-04-04 00:00:00,170.07,177.19,168.01,171.11,123161960,21286566924.0
5121813,TSLA,2024-04-05 00:00:00,169.08,170.86,160.51,164.9,143157603,23826141408.0
5121814,TSLA,2024-04-08 00:00:00,169.34,174.5,167.79,172.98,104423320,18011942435.0
5121815,TSLA,2024-04-09 00:00:00,172.91,179.22,171.92,176.88,103232675,18159908575.0
5121816,TSLA,2024-04-10 00:00:00,173.04,174.93,170.01,171.76,84532407,14533956996.0
5121817,TSLA,2024-04-11 00:00:00,172.55,175.88,168.51,174.6,94515987,16302249451.0
5121818,TSLA,2024-04-12 00:00:00,172.34,173.81,170.364,171.05,64722669,11121955246.0
5121819,TSLA,2024-04-15 00:00:00,170.24,170.69,161.38,161.48,100245310,16488679013.0
5121820,TSLA,2024-04-16 00:00:00,156.742,158.19,153.75,157.11,96999956,15173091033.0
5121821,TSLA,2024-04-17 00:00:00,157.64,158.33,153.78,155.45,82439718,12858599245.0
5121822,TSLA,2024-04-18 00:00:00,151.25,152.2,148.7,149.93,96098830,14463114915.0
5121823,TSLA,2024-04-19 00:00:00,148.97,150.94,146.22,147.05,87074500,12941580720.0
5121824,TSLA,2024-04-22 00:00:00,140.56,144.44,138.803,142.05,107097564,15175983754.0
5121825,TSLA,2024-04-23 00:00:00,143.33,147.26,141.11,144.68,124545104,18372060993.0
5121826,TSLA,2024-04-24 00:00:00,162.84,167.97,157.51,162.13,181178020,29337559445.0
5121827,TSLA,2024-04-25 00:00:00,158.96,170.88,158.36,170.18,126427521,20941156860.0
5121828,TSLA,2024-04-26 00:00:00,168.85,172.12,166.37,168.29,109815725,18579277920.0
5121829,TSLA,2024-04-29 00:00:00,188.42,198.87,184.54,194.05,243869678,46717050719.0
5121830,TSLA,2024-04-30 00:00:00,186.98,190.95,182.84,183.28,127031787,23599504322.0
5121831,TSLA,2024-05-01 00:00:00,182.0,185.86,179.01,179.99,92829719,16862668844.0
5121832,TSLA,2024-05-02 00:00:00,182.86,184.6,176.02,180.01,89148041,16024868647.0
5121833,TSLA,2024-05-03 00:00:00,182.1,184.78,178.42,181.19,75491539,13683157391.0
5121834,TSLA,2024-05-06 00:00:00,183.8,187.56,182.2,184.76,84390253,15569535029.0
5121835,TSLA,2024-05-07 00:00:00,182.4,183.26,177.4,177.81,75045854,13449007461.0
5121836,TSLA,2024-05-08 00:00:00,171.59,176.06,170.15,174.72,79969488,13899470496.0
5121837,TSLA,2024-05-09 00:00:00,175.01,175.62,171.37,171.97,65950292,11410510092.0
5121838,TSLA,2024-05-10 00:00:00,173.05,173.06,167.75,168.47,72627178,12306507763.0
5121839,TSLA,2024-05-13 00:00:00,170.0,175.4,169.0,171.89,67018903,11563767888.0
5121840,TSLA,2024-05-14 00:00:00,174.496,179.49,174.07,177.55,86407422,15285479384.0
5121841,TSLA,2024-05-15 00:00:00,179.9,180.0,173.11,173.99,79662993,13927861737.0
5121842,TSLA,2024-05-16 00:00:00,174.1,175.79,171.43,174.84,59812220,10421454226.0
5121843,TSLA,2024-05-17 00:00:00,173.55,179.63,172.75,177.46,77445845,13699577189.0
5121844,TSLA,2024-05-20 00:00:00,177.56,177.754,173.52,174.95,61727425,10788869700.0
5121845,TSLA,2024-05-21 00:00:00,175.51,186.875,174.71,186.6,115266512,20980692688.0
5121846,TSLA,2024-05-22 00:00:00,182.85,183.8,178.12,180.11,88313477,15963643048.0
5121847,TSLA,2024-05-23 00:00:00,181.8,181.9,173.26,173.74,71975496,12687760295.0
5121848,TSLA,2024-05-24 00:00:00,174.835,180.08,173.73,179.24,65584478,11676916129.0
5121849,TSLA,2024-05-28 00:00:00,176.4,178.25,173.16,176.75,59736620,10498254770.0
5121850,TSLA,2024-05-29 00:00:00,174.19,178.15,173.93,176.19,54782649,9653412672.0
5121851,TSLA,2024-05-30 00:00:00,178.575,182.67,175.38,178.79,77784755,13912708772.0
5121852,TSLA,2024-05-31 00:00:00,178.5,180.32,173.82,178.08,67314602,11912159847.0
5121853,TSLA,2024-06-03 00:00:00,178.13,182.639,174.49,176.29,68568920,12227599915.0
5121854,TSLA,2024-06-04 00:00:00,174.775,177.755,174.0,174.77,60056340,10546805473.0
5121855,TSLA,2024-06-05 00:00:00,175.35,176.15,172.13,175.0,57953756,10110679571.0
5121856,TSLA,2024-06-06 00:00:00,174.6,179.73,172.73,177.94,69887024,12323847693.0
5121857,TSLA,2024-06-07 00:00:00,176.13,179.35,175.58,177.48,56244932,9994756392.0
5121858,TSLA,2024-06-10 00:00:00,176.06,178.57,173.17,173.79,50869682,8922757888.0
5121859,TSLA,2024-06-11 00:00:00,173.92,174.75,167.41,170.66,64761928,10977259566.0
5121860,TSLA,2024-06-12 00:00:00,171.12,180.55,169.8,177.29,90389446,15995555904.0
5121861,TSLA,2024-06-13 00:00:00,188.39,191.08,181.23,182.47,118984122,22077911444.0
5121862,TSLA,2024-06-14 00:00:00,185.8,186.0,176.92,178.01,82038194,14749747571.0
5121863,TSLA,2024-06-17 00:00:00,177.92,188.81,177.0,187.44,109786083,20331939621.0
5121864,TSLA,2024-06-18 00:00:00,186.56,187.2,182.37,184.86,68982265,12718447291.0
5121865,TSLA,2024-06-20 00:00:00,184.68,185.21,179.66,181.57,55893139,10172688640.0
5121866,TSLA,2024-06-21 00:00:00,182.3,183.95,180.69,183.01,63029482,11494429236.0
5121867,TSLA,2024-06-24 00:00:00,184.97,188.8,182.55,182.58,61992070,11467196818.0
5121868,TSLA,2024-06-25 00:00:00,184.4,187.97,182.01,187.35,63678265,11838287788.0
5121869,TSLA,2024-06-26 00:00:00,186.54,197.755,186.36,196.37,95737066,18569725653.0
5121870,TSLA,2024-06-27 00:00:00,195.17,198.72,194.05,197.42,72746521,14275109450.0
5121871,TSLA,2024-06-28 00:00:00,199.55,203.2,195.26,197.88,95438068,19022458662.0
5121872,TSLA,2024-07-01 00:00:00,201.02,213.23,200.85,209.86,135691395,28371929146.0
5121873,TSLA,2024-07-02 00:00:00,218.89,231.3,218.06,231.26,205047920,46467363847.0
5121874,TSLA,2024-07-03 00:00:00,234.56,248.35,234.25,246.39,166561471,40351397466.0
5121875,TSLA,2024-07-05 00:00:00,249.81,252.37,242.46,251.52,154501152,38341799238.0
5121876,TSLA,2024-07-08 00:00:00,247.71,259.439,244.57,252.94,157219580,39716561687.0
5121877,TSLA,2024-07-09 00:00:00,251.0,265.61,250.3,262.33,160742516,41825970427.0
5121878,TSLA,2024-07-10 00:00:00,262.8,267.59,257.86,263.26,128519430,33854049533.0
5121879,TSLA,2024-07-11 00:00:00,263.3,271.0,239.65,241.03,221707273,56040633870.0
5121880,TSLA,2024-07-12 00:00:00,235.8,251.84,233.091,248.23,155955773,38476414717.0
5121881,TSLA,2024-07-15 00:00:00,255.97,265.6,251.73,252.64,146912920,38083916530.0
5121882,TSLA,2024-07-16 00:00:00,255.31,258.62,245.8,256.56,126332470,31968719028.0
5121883,TSLA,2024-07-17 00:00:00,252.73,258.47,246.182,248.5,115584810,28981143894.0
5121884,TSLA,2024-07-18 00:00:00,251.09,257.14,247.2,249.23,110869037,27963066701.0
5121885,TSLA,2024-07-19 00:00:00,247.79,249.44,236.83,239.2,87403903,21119716129.0
5121886,TSLA,2024-07-22 00:00:00,244.21,253.21,243.75,251.51,101225430,25256779100.0
5121887,TSLA,2024-07-23 00:00:00,253.6,255.759,245.63,246.38,111928192,27572625693.0
5121888,TSLA,2024-07-24 00:00:00,225.42,225.99,214.71,215.99,167942939,36826248233.0
5121889,TSLA,2024-07-25 00:00:00,216.8,226.0,216.231,220.25,100636466,22340234756.0
5121890,TSLA,2024-07-26 00:00:00,221.19,222.28,215.33,219.8,94604145,20736080266.0
5121891,TSLA,2024-07-29 00:00:00,224.9,234.27,224.7,232.1,129201789,29828138148.0
5121892,TSLA,2024-07-30 00:00:00,232.25,232.41,220.0,222.62,100560334,22676921846.0
5121893,TSLA,2024-07-31 00:00:00,227.9,234.68,226.788,232.07,67497011,15618787190.0
5121894,TSLA,2024-08-01 00:00:00,227.69,231.867,214.333,216.86,83861898,18610178121.0
5121895,TSLA,2024-08-02 00:00:00,214.88,216.13,205.78,207.67,82880120,17392603885.0
5121896,TSLA,2024-08-05 00:00:00,185.22,203.88,182.0,198.88,100308836,19724289163.0
5121897,TSLA,2024-08-06 00:00:00,200.75,202.9,192.67,200.64,73783942,14673580670.0
5121898,TSLA,2024-08-07 00:00:00,200.77,203.49,191.48,191.76,71159778,13990773827.0
5121899,TSLA,2024-08-08 00:00:00,195.7,200.7,192.04,198.84,65033874,12837881552.0
5121900,TSLA,2024-08-09 00:00:00,197.05,200.88,195.11,200.0,58648274,11635448615.0
5121901,TSLA,2024-08-12 00:00:00,199.02,199.26,194.67,197.49,64044903,12630782632.0
5121902,TSLA,2024-08-13 00:00:00,198.47,208.49,197.06,207.83,76247387,15636809305.0
5121903,TSLA,2024-08-14 00:00:00,207.39,208.44,198.75,201.38,70250014,14184464240.0
5121904,TSLA,2024-08-15 00:00:00,205.02,215.88,204.82,214.14,89848530,19131921513.0
5121905,TSLA,2024-08-16 00:00:00,211.15,219.8,210.8,216.12,88765122,19204900809.0
5121906,TSLA,2024-08-19 00:00:00,217.07,222.98,214.09,222.72,76435222,16820091421.0
5121907,TSLA,2024-08-20 00:00:00,224.88,228.22,219.56,221.1,74001182,16488622029.0
5121908,TSLA,2024-08-21 00:00:00,222.67,224.659,218.86,223.27,70145964,15569588898.0
5121909,TSLA,2024-08-22 00:00:00,223.82,224.8,210.32,210.66,79514482,17230456801.0
5121910,TSLA,2024-08-23 00:00:00,214.455,221.48,214.21,220.32,81525207,17806714555.0
5121911,TSLA,2024-08-26 00:00:00,218.75,219.09,211.01,213.21,59301187,12685724756.0
5121912,TSLA,2024-08-27 00:00:00,213.25,215.66,206.94,209.21,62821390,13187282049.0
5121913,TSLA,2024-08-28 00:00:00,209.72,211.84,202.59,205.75,64116350,13204576736.0
5121914,TSLA,2024-08-29 00:00:00,209.8,214.89,205.97,206.28,62308818,13105150606.0
5121915,TSLA,2024-08-30 00:00:00,208.63,214.57,207.03,214.11,63370608,13347562836.0
5121916,TSLA,2024-09-03 00:00:00,215.26,219.904,209.64,210.6,76714222,16439621320.0
5121917,TSLA,2024-09-04 00:00:00,210.59,222.22,210.57,219.41,80651767,17625301518.0
5121918,TSLA,2024-09-05 00:00:00,223.49,235.0,222.25,230.17,119355013,27388934852.0
5121919,TSLA,2024-09-06 00:00:00,232.6,233.6,210.51,210.73,112177004,24538614448.0
5121920,TSLA,2024-09-09 00:00:00,216.2,219.87,213.67,216.27,67443518,14629725244.0
5121921,TSLA,2024-09-10 00:00:00,220.07,226.4,218.638,226.17,78891136,17584332298.0
5121922,TSLA,2024-09-11 00:00:00,224.55,228.47,216.8,228.13,83548633,18616590201.0
5121923,TSLA,2024-09-12 00:00:00,224.66,231.45,223.83,229.81,72020042,16488041482.0
5121924,TSLA,2024-09-13 00:00:00,228.0,232.67,226.32,230.29,59515114,13665616866.0
5121925,TSLA,2024-09-16 00:00:00,229.3,229.96,223.53,226.78,54322995,12338418211.0
5121926,TSLA,2024-09-17 00:00:00,229.45,234.57,226.553,227.87,66761636,15391040968.0
5121927,TSLA,2024-09-18 00:00:00,230.09,235.68,226.88,227.2,78010204,17945694380.0
5121928,TSLA,2024-09-19 00:00:00,234.0,244.24,232.13,243.92,102694576,24712419876.0
5121929,TSLA,2024-09-20 00:00:00,241.52,243.99,235.92,238.25,99879070,23886029897.0
5121930,TSLA,2024-09-23 00:00:00,242.61,250.0,241.92,250.0,86927194,21555798813.0
5121931,TSLA,2024-09-24 00:00:00,254.08,257.19,249.05,254.27,88490999,22419299100.0
5121932,TSLA,2024-09-25 00:00:00,252.54,257.05,252.28,257.02,65034318,16606606590.0
5121933,TSLA,2024-09-26 00:00:00,260.6,261.75,251.53,254.22,67142193,17186442584.0
5121934,TSLA,2024-09-27 00:00:00,257.375,260.7,254.12,260.46,70988067,18332728185.0
5121935,TSLA,2024-09-30 00:00:00,259.04,264.86,255.77,261.63,80873381,21036217879.0
5121936,TSLA,2024-10-01 00:00:00,262.67,263.98,248.53,258.02,87397613,22311027282.0
5121937,TSLA,2024-10-02 00:00:00,247.55,251.159,241.5,249.02,93983930,23262698382.0
5121938,TSLA,2024-10-03 00:00:00,244.48,249.79,237.81,240.66,80729240,19613876594.0
5121939,TSLA,2024-10-04 00:00:00,246.69,250.96,244.58,250.08,86726285,21519155100.0
5121940,TSLA,2024-10-07 00:00:00,249.0,249.83,240.7,240.83,68113270,16639583214.0
5121941,TSLA,2024-10-08 00:00:00,243.56,246.21,240.56,244.5,56303160,13746102211.0
5121942,TSLA,2024-10-09 00:00:00,243.82,247.43,239.51,241.05,66289529,16139809032.0
5121943,TSLA,2024-10-10 00:00:00,241.81,242.79,232.34,238.77,83087063,19858716296.0
5121944,TSLA,2024-10-11 00:00:00,220.13,223.34,214.38,217.8,142628874,31331076895.0
5121945,TSLA,2024-10-14 00:00:00,220.13,221.91,213.74,219.16,86291923,18855282214.0
5121946,TSLA,2024-10-15 00:00:00,220.01,224.26,217.12,219.57,62988787,13889324999.0
5121947,TSLA,2024-10-16 00:00:00,221.4,222.82,218.93,221.33,49632824,10962530891.0
5121948,TSLA,2024-10-17 00:00:00,221.59,222.08,217.9,220.89,50791784,11182222175.0
5121949,TSLA,2024-10-18 00:00:00,220.71,222.28,219.23,220.7,49611867,10964221542.0
5121950,TSLA,2024-10-21 00:00:00,218.9,220.48,215.726,218.85,47328988,10333226249.0
5121951,TSLA,2024-10-22 00:00:00,217.31,218.22,215.26,217.97,43268741,9385326854.0
5121952,TSLA,2024-10-23 00:00:00,217.125,218.72,212.11,213.65,80938892,17874130414.0
5121953,TSLA,2024-10-24 00:00:00,244.68,262.12,242.65,260.48,204491903,51759997396.0
5121954,TSLA,2024-10-25 00:00:00,256.01,269.49,255.32,269.19,161611931,42952520258.0
5121955,TSLA,2024-10-28 00:00:00,270.0,273.536,262.24,262.51,107653603,28864700916.0
5121956,TSLA,2024-10-29 00:00:00,264.51,264.98,255.51,259.52,80521751,20900396185.0
5121957,TSLA,2024-10-30 00:00:00,258.035,263.35,255.82,257.55,53993576,14056037290.0
5121958,TSLA,2024-10-31 00:00:00,257.99,259.75,249.25,249.85,66575292,16823216960.0
5121959,TSLA,2024-11-01 00:00:00,252.043,254.0,246.63,248.98,57544757,14386017323.0
5121960,TSLA,2024-11-04 00:00:00,244.56,248.9,238.88,242.84,68802354,16800564243.0
5121961,TSLA,2024-11-05 00:00:00,247.34,255.28,246.21,251.44,69282505,17484493636.0
5121962,TSLA,2024-11-06 00:00:00,284.67,289.59,275.62,288.53,165228710,47104230132.0
5121963,TSLA,2024-11-07 00:00:00,288.89,299.75,285.52,296.91,117309232,34656297081.0
5121964,TSLA,2024-11-08 00:00:00,299.14,328.71,297.66,321.22,204782763,64801340531.0
5121965,TSLA,2024-11-11 00:00:00,346.3,358.64,336.0,350.0,210521625,72910995057.0
5121966,TSLA,2024-11-12 00:00:00,342.74,345.84,323.31,328.49,155726016,52179503936.0
5121967,TSLA,2024-11-13 00:00:00,335.85,344.6,322.5,330.24,125405599,41600121798.0
5121968,TSLA,2024-11-14 00:00:00,327.69,329.98,310.37,311.18,120726109,38339070788.0
5121969,TSLA,2024-11-15 00:00:00,310.57,324.68,309.22,320.72,114440286,36387208214.0
5121970,TSLA,2024-11-18 00:00:00,340.73,348.55,330.01,338.74,126547455,43095529978.0
5121971,TSLA,2024-11-19 00:00:00,335.76,347.38,332.75,346.0,88852452,30439880214.0
5121972,TSLA,2024-11-20 00:00:00,345.0,346.6,334.3,342.03,66340650,22547400884.0
5121973,TSLA,2024-11-21 00:00:00,343.81,347.99,335.28,339.64,58011719,19830349233.0
5121974,TSLA,2024-11-22 00:00:00,341.085,361.53,337.7,352.56,89140722,31207560224.0
5121975,TSLA,2024-11-25 00:00:00,360.14,361.93,338.2,338.59,95890899,33453402975.0
5121976,TSLA,2024-11-26 00:00:00,341.0,346.96,335.66,338.23,62295857,21259911614.0
5121977,TSLA,2024-11-27 00:00:00,341.8,342.55,326.59,332.89,57896439,19287082255.0
5121978,TSLA,2024-11-29 00:00:00,336.08,345.45,334.65,345.16,37167621,12651503111.0
5121979,TSLA,2024-12-02 00:00:00,352.38,360.0,351.15,357.09,77986478,27739487038.0
5121980,TSLA,2024-12-03 00:00:00,351.8,355.69,348.2,351.42,58267196,20456765118.0
5121981,TSLA,2024-12-04 00:00:00,353.0,358.1,348.6,357.93,50810874,17954291762.0
5121982,TSLA,2024-12-05 00:00:00,359.87,375.43,359.5,369.49,81403569,30111571163.0
5121983,TSLA,2024-12-06 00:00:00,377.42,389.49,370.8,389.22,81455834,30866230308.0
5121984,TSLA,2024-12-09 00:00:00,397.61,404.8,378.01,389.79,96359173,37520842517.0
5121985,TSLA,2024-12-10 00:00:00,392.68,409.73,390.85,400.99,97563578,39330134819.0
5121986,TSLA,2024-12-11 00:00:00,409.7,424.88,402.38,424.77,104287559,43275021854.0
5121987,TSLA,2024-12-12 00:00:00,424.84,429.3,415.0,418.1,87752225,37010936932.0
5121988,TSLA,2024-12-13 00:00:00,420.0,436.3,415.71,436.23,89000158,38132055436.0
5121989,TSLA,2024-12-16 00:00:00,441.09,463.19,436.15,463.02,114083811,51724753554.0
5121990,TSLA,2024-12-17 00:00:00,475.9,483.99,457.51,479.86,131222978,62175571086.0
5121991,TSLA,2024-12-18 00:00:00,466.495,488.54,427.01,440.13,149340788,68837540401.0
5121992,TSLA,2024-12-19 00:00:00,451.88,456.36,420.02,436.17,118566146,51993973287.0
5121993,TSLA,2024-12-20 00:00:00,425.505,447.08,417.64,421.06,132216176,56935256114.0
5121994,TSLA,2024-12-23 00:00:00,431.0,434.51,415.411,430.6,72698055,31178379981.0
5121995,TSLA,2024-12-24 00:00:00,435.9,462.78,435.14,462.28,59551750,26894775900.0
5121996,TSLA,2024-12-26 00:00:00,465.16,465.33,451.02,454.13,76651210,35032061338.0
5121997,TSLA,2024-12-27 00:00:00,449.52,450.0,426.5,431.66,82666821,35956691013.0
5121998,TSLA,2024-12-30 00:00:00,419.4,427.0,415.75,417.41,64941012,27318796152.0
5121999,TSLA,2024-12-31 00:00:00,423.79,427.93,402.54,403.84,76825121,31723016400.0
5122000,TSLA,2025-01-02 00:00:00,390.1,392.73,373.04,379.28,109710749,41926487399.0
5122001,TSLA,2025-01-03 00:00:00,381.48,411.88,379.45,410.44,95423329,37896145306.0
5122002,TSLA,2025-01-06 00:00:00,423.2,426.43,401.7,411.05,85516534,35267605624.0
5122003,TSLA,2025-01-07 00:00:00,405.83,414.33,390.0,394.36,75699525,30113532291.0
5122004,TSLA,2025-01-08 00:00:00,392.95,402.5,387.4,394.94,73038805,28870189601.0
5122005,TSLA,2025-01-10 00:00:00,391.4,399.28,377.29,394.74,62287333,24450560899.0
5122006,TSLA,2025-01-13 00:00:00,383.21,403.79,380.07,403.31,67580494,26549024540.0
5122007,TSLA,2025-01-14 00:00:00,414.34,422.64,394.54,396.36,84565022,34529383725.0
5122008,TSLA,2025-01-15 00:00:00,409.9,429.8,405.661,428.22,81375460,34108326809.0
5122009,TSLA,2025-01-16 00:00:00,423.49,424.0,409.13,413.82,68335151,28359188102.0
6478752,TSLA,2025-01-17 00:00:00,421.5,439.74,419.75,426.5,94991429,40922070598.0
6478753,TSLA,2025-01-21 00:00:00,432.64,433.2,406.31,424.07,87320894,36461617134.0
6478754,TSLA,2025-01-22 00:00:00,416.81,428.0,414.59,415.11,60963342,25584675864.0
6478755,TSLA,2025-01-23 00:00:00,416.06,420.73,408.95,412.38,50690592,20932677525.0
6478756,TSLA,2025-01-24 00:00:00,414.45,418.88,405.78,406.58,56427149,23235847627.0
6478757,TSLA,2025-01-27 00:00:00,394.8,406.69,389.0,397.15,58125510,23102960161.0
6478758,TSLA,2025-01-28 00:00:00,396.91,400.59,386.5,398.09,48910676,19267167139.0
6478759,TSLA,2025-01-29 00:00:00,395.21,398.59,384.48,389.1,68033648,26652512946.0
6478760,TSLA,2025-01-30 00:00:00,410.78,412.5,384.41,400.28,98092879,39143138077.0
6478761,TSLA,2025-01-31 00:00:00,401.53,419.99,401.34,404.6,83568219,34372004814.0
6478762,TSLA,2025-02-03 00:00:00,386.68,389.17,374.36,383.68,93732122,35993350375.0
6478763,TSLA,2025-02-04 00:00:00,382.63,394.0,381.4,392.21,57198379,22131572036.64
6478764,TSLA,2025-02-05 00:00:00,387.51,388.39,375.53,378.17,57614721,21972274418.0
6478765,TSLA,2025-02-06 00:00:00,373.03,375.4,363.18,374.32,77918230,28747015041.0
6478766,TSLA,2025-02-07 00:00:00,370.19,380.546,360.34,361.62,70298258,25904783967.0
6478767,TSLA,2025-02-10 00:00:00,356.21,362.7,350.51,350.73,77514903,27616651538.0
6478768,TSLA,2025-02-11 00:00:00,345.8,349.37,325.1,328.5,118543400,39756205819.0
6478769,TSLA,2025-02-12 00:00:00,329.94,346.4,329.12,336.51,105382729,35683774057.0
6478770,TSLA,2025-02-13 00:00:00,345.0,358.69,342.85,355.94,89441519,31483602061.0
6478771,TSLA,2025-02-14 00:00:00,360.62,362.0,347.5,355.84,68277279,24144951292.0
6478772,TSLA,2025-02-18 00:00:00,355.01,359.1,350.02,354.11,51631702,18315206831.0
6478773,TSLA,2025-02-19 00:00:00,354.0,367.34,353.67,360.56,67094374,24269424770.0
6478774,TSLA,2025-02-20 00:00:00,361.51,362.3,348.0,354.4,45965354,16254663883.0
6478775,TSLA,2025-02-21 00:00:00,353.44,354.98,334.42,337.8,74058648,25349764716.0
6478776,TSLA,2025-02-24 00:00:00,338.14,342.397,324.7,330.53,76052321,25374452134.0
6478777,TSLA,2025-02-25 00:00:00,327.025,328.89,297.251,302.8,134228777,41116718773.0
6478778,TSLA,2025-02-26 00:00:00,303.715,309.0,288.04,290.8,100118276,29737609667.0
6478779,TSLA,2025-02-27 00:00:00,291.16,297.23,280.88,281.95,101748197,29246310290.0
6478780,TSLA,2025-02-28 00:00:00,279.5,293.88,273.6,292.98,115696968,33210201054.0
6478781,TSLA,2025-03-03 00:00:00,300.34,303.94,277.3,284.65,115551414,33782543853.0
6478782,TSLA,2025-03-04 00:00:00,270.93,284.35,261.84,272.04,126706623,34432544687.0
6478783,TSLA,2025-03-05 00:00:00,272.92,279.55,267.71,279.1,94042913,25761848278.0
6478784,TSLA,2025-03-06 00:00:00,272.06,272.65,260.02,263.45,98451566,26141209980.0
6478785,TSLA,2025-03-07 00:00:00,259.32,266.25,250.73,262.67,102369640,26608428435.0
6478786,TSLA,2025-03-10 00:00:00,252.535,253.37,220.0,222.15,189076948,43931535748.0
6478787,TSLA,2025-03-11 00:00:00,225.305,237.065,217.02,230.58,174896415,40084423424.0
6478788,TSLA,2025-03-12 00:00:00,247.22,251.84,241.1,248.09,142215681,35138929025.0
6478789,TSLA,2025-03-13 00:00:00,248.125,248.29,232.6,240.68,114813525,27445431468.0
6478790,TSLA,2025-03-14 00:00:00,247.31,251.58,240.73,249.98,100242264,24778640616.0
15226885,TSLA,2025-03-17 00:00:00,245.055,245.4,232.8,238.01,111900565,26671453031.0
15226886,TSLA,2025-03-18 00:00:00,228.155,230.1,222.28,225.31,111477636,25214104159.0
15226887,TSLA,2025-03-19 00:00:00,231.61,241.41,229.201,235.86,111993753,26252743243.0
15226888,TSLA,2025-03-20 00:00:00,233.345,238.0,230.05,236.26,99028270,23204695968.0
15226889,TSLA,2025-03-21 00:00:00,234.985,249.52,234.55,248.71,132728684,32321863644.0
15226890,TSLA,2025-03-24 00:00:00,258.075,278.64,256.33,278.39,169079865,45910479302.0
15263990,TSLA,2025-03-25 00:00:00,283.6,288.2,271.28,288.14,150361538,42048743941.0
15263991,TSLA,2025-03-26 00:00:00,282.66,284.9,266.51,272.06,156254441,42909123207.0
15263992,TSLA,2025-03-27 00:00:00,272.48,291.85,271.822,273.13,162572146,45483018370.0
